decision_id,source_root_id,project_id,family_id,relative_path,file_name,file_id,sheet_id,file_sha256,file_size,workbook_format,worksheet_name,worksheet_visibility,worksheet_fingerprint,workbook_sheet_count,detected_project_identifiers,detected_customer_identifiers,detected_document_role,parser_name,parser_version,parse_status,formula_dependency_status,external_link_status,named_range_status,revision_status,duplicate_or_supersession,proposed_decision,final_decision,reason_codes,evidence_references,policy_version,reviewer_or_approver,decision_timestamp,approval_manifest_hash,sanitized_artifact_hash,sanitized_csv_path,sanitized_csv_sha256,non_empty_rows
SGD-1734832793CEFC,SRC-ALL-PROJECTS,1110701,國倫高鐵,111年度工作\111年度工作\111年度訂單(已完成)\1110701國倫高鐵台南車站清水池改善\國倫水電高鐵台南車站配水池改善生產能力分表.xls,國倫水電高鐵台南車站配水池改善生產能力分表.xls,SRC-ALL-PROJECTS-FILE-1805B1422618,SRC-ALL-PROJECTS-FILE-1805B1422618-XLS-SHEET-001,CF1FCD73F67F8476708F741D337AF28555486F07988974249F8F186C34B7CDB4,90112,xls,分析表,visible,D362E8C74B47A96272240F3FDDB415A6E40E4863E61E4E15523E559F2203ED09,3,1110701,,spreadsheet_other,excel_com_legacy_xls,16.0,PARSED_WITH_FINGERPRINT,NONE,NONE,NAMED_RANGE_REVIEW_REQUIRED,CURRENT_OR_UNKNOWN,,QUARANTINED,UNREVIEWED,CURRENT_PROJECT_ID_MATCH_REVIEWABLE|LEGACY_XLS_PARSED_BY_EXCEL_COM_READ_ONLY|MACROS_DISABLED|NAMED_RANGE_PRESENT,SRC-ALL-PROJECTS-FILE-1805B1422618|SRC-ALL-PROJECTS-FILE-1805B1422618-XLS-SHEET-001,source_guard_policy_v2_autonomous_eval,,,,,manifests\baseline-024\source_candidates\batch-003\legacy_xls\1110701\legacy_xls_parse\1110701\SRC-ALL-PROJECTS-FILE-1805B1422618\001_分析表.csv,998CCC28707D691BCEB834D8C41801D8BCEE228C925EEC2EC9D1C7682CC21060,13
SGD-9F87F64D647325,SRC-ALL-PROJECTS,1110701,國倫高鐵,111年度工作\111年度工作\111年度訂單(已完成)\1110701國倫高鐵台南車站清水池改善\國倫水電高鐵台南車站配水池改善生產能力分表.xls,國倫水電高鐵台南車站配水池改善生產能力分表.xls,SRC-ALL-PROJECTS-FILE-1805B1422618,SRC-ALL-PROJECTS-FILE-1805B1422618-XLS-SHEET-002,CF1FCD73F67F8476708F741D337AF28555486F07988974249F8F186C34B7CDB4,90112,xls,會議審查,visible,D71887E3DEC9BCA4F985796C64CA935621FBCBF7949AE3757C7E8B7F3A242E08,3,1110701,,spreadsheet_other,excel_com_legacy_xls,16.0,PARSED_WITH_FINGERPRINT,NONE,NONE,NAMED_RANGE_REVIEW_REQUIRED,CURRENT_OR_UNKNOWN,,QUARANTINED,UNREVIEWED,CURRENT_PROJECT_ID_MATCH_REVIEWABLE|LEGACY_XLS_PARSED_BY_EXCEL_COM_READ_ONLY|MACROS_DISABLED|NAMED_RANGE_PRESENT,SRC-ALL-PROJECTS-FILE-1805B1422618|SRC-ALL-PROJECTS-FILE-1805B1422618-XLS-SHEET-002,source_guard_policy_v2_autonomous_eval,,,,,manifests\baseline-024\source_candidates\batch-003\legacy_xls\1110701\legacy_xls_parse\1110701\SRC-ALL-PROJECTS-FILE-1805B1422618\002_會議審查.csv,986E47459BA7EF38F46F08D07CD9E0269274B83420D724482F2B0C672E84FCAE,36
SGD-3A150930132FDA,SRC-ALL-PROJECTS,1110701,國倫高鐵,111年度工作\111年度工作\111年度訂單(已完成)\1110701國倫高鐵台南車站清水池改善\國倫水電高鐵台南車站配水池改善生產能力分表.xls,國倫水電高鐵台南車站配水池改善生產能力分表.xls,SRC-ALL-PROJECTS-FILE-1805B1422618,SRC-ALL-PROJECTS-FILE-1805B1422618-XLS-SHEET-003,CF1FCD73F67F8476708F741D337AF28555486F07988974249F8F186C34B7CDB4,90112,xls,Sheet3,visible,2431A7B5E34F6CDDF636CB6420EDAF96BB8F1E51757547FA6AD1B769DF2C82B2,3,1110701,,spreadsheet_other,excel_com_legacy_xls,16.0,PARSED_WITH_FINGERPRINT,NONE,NONE,NAMED_RANGE_REVIEW_REQUIRED,CURRENT_OR_UNKNOWN,,QUARANTINED,UNREVIEWED,CURRENT_PROJECT_ID_MATCH_REVIEWABLE|LEGACY_XLS_PARSED_BY_EXCEL_COM_READ_ONLY|MACROS_DISABLED|NAMED_RANGE_PRESENT,SRC-ALL-PROJECTS-FILE-1805B1422618|SRC-ALL-PROJECTS-FILE-1805B1422618-XLS-SHEET-003,source_guard_policy_v2_autonomous_eval,,,,,manifests\baseline-024\source_candidates\batch-003\legacy_xls\1110701\legacy_xls_parse\1110701\SRC-ALL-PROJECTS-FILE-1805B1422618\003_Sheet3.csv,F01A374E9C81E3DB89B3A42940C4D6A5447684986A1296E42BF13F196EED6295,0
SGD-EFF26501E7ED41,SRC-ALL-PROJECTS,1110701,國倫高鐵,111年度工作\111年度工作\111年度訂單(已完成)\1110701國倫高鐵台南車站清水池改善\國倫高鐵台南車站配水池改善成本分析分項.xls,國倫高鐵台南車站配水池改善成本分析分項.xls,SRC-ALL-PROJECTS-FILE-50EDCEA3A3FB,SRC-ALL-PROJECTS-FILE-50EDCEA3A3FB-XLS-SHEET-001,1ECAEA6D400D7E7E65226FCA2EB457CF1F117C66928F91319646ADE86D54CB2F,31232,xls,Sheet1,visible,23C2BE09091145DBA7D58EFA8104DDD311915EC9B255BB7A9924B9504CC388BB,3,1110701,,spreadsheet_other,excel_com_legacy_xls,16.0,PARSED_WITH_FINGERPRINT,NONE,NONE,NONE,CURRENT_OR_UNKNOWN,,CANDIDATE,UNREVIEWED,CURRENT_PROJECT_ID_MATCH_REVIEWABLE|LEGACY_XLS_PARSED_BY_EXCEL_COM_READ_ONLY|MACROS_DISABLED,SRC-ALL-PROJECTS-FILE-50EDCEA3A3FB|SRC-ALL-PROJECTS-FILE-50EDCEA3A3FB-XLS-SHEET-001,source_guard_policy_v2_autonomous_eval,,,,,manifests\baseline-024\source_candidates\batch-003\legacy_xls\1110701\legacy_xls_parse\1110701\SRC-ALL-PROJECTS-FILE-50EDCEA3A3FB\001_Sheet1.csv,79F1214B6F3ADCA91B68D6AD9E02029D763EB7CE3EDAA7F10D74D5DCCAA2E32A,28
SGD-13E4A2DE95F0F7,SRC-ALL-PROJECTS,1110701,國倫高鐵,111年度工作\111年度工作\111年度訂單(已完成)\1110701國倫高鐵台南車站清水池改善\國倫高鐵台南車站配水池改善成本分析分項.xls,國倫高鐵台南車站配水池改善成本分析分項.xls,SRC-ALL-PROJECTS-FILE-50EDCEA3A3FB,SRC-ALL-PROJECTS-FILE-50EDCEA3A3FB-XLS-SHEET-002,1ECAEA6D400D7E7E65226FCA2EB457CF1F117C66928F91319646ADE86D54CB2F,31232,xls,Sheet2,visible,2327F3E6ECEE912E215AF094F55DE408AB2C6FEEB3ABDC7FD50B51592DA9CE91,3,1110701,,spreadsheet_other,excel_com_legacy_xls,16.0,PARSED_WITH_FINGERPRINT,NONE,NONE,NONE,CURRENT_OR_UNKNOWN,,CANDIDATE,UNREVIEWED,CURRENT_PROJECT_ID_MATCH_REVIEWABLE|LEGACY_XLS_PARSED_BY_EXCEL_COM_READ_ONLY|MACROS_DISABLED,SRC-ALL-PROJECTS-FILE-50EDCEA3A3FB|SRC-ALL-PROJECTS-FILE-50EDCEA3A3FB-XLS-SHEET-002,source_guard_policy_v2_autonomous_eval,,,,,manifests\baseline-024\source_candidates\batch-003\legacy_xls\1110701\legacy_xls_parse\1110701\SRC-ALL-PROJECTS-FILE-50EDCEA3A3FB\002_Sheet2.csv,F01A374E9C81E3DB89B3A42940C4D6A5447684986A1296E42BF13F196EED6295,0
SGD-8EB47DCA9D648E,SRC-ALL-PROJECTS,1110701,國倫高鐵,111年度工作\111年度工作\111年度訂單(已完成)\1110701國倫高鐵台南車站清水池改善\國倫高鐵台南車站配水池改善成本分析分項.xls,國倫高鐵台南車站配水池改善成本分析分項.xls,SRC-ALL-PROJECTS-FILE-50EDCEA3A3FB,SRC-ALL-PROJECTS-FILE-50EDCEA3A3FB-XLS-SHEET-003,1ECAEA6D400D7E7E65226FCA2EB457CF1F117C66928F91319646ADE86D54CB2F,31232,xls,Sheet3,visible,54A7F3467D202254816CDDA76C992CF40888AD969355429892E7625654B0F933,3,1110701,,spreadsheet_other,excel_com_legacy_xls,16.0,PARSED_WITH_FINGERPRINT,NONE,NONE,NONE,CURRENT_OR_UNKNOWN,,CANDIDATE,UNREVIEWED,CURRENT_PROJECT_ID_MATCH_REVIEWABLE|LEGACY_XLS_PARSED_BY_EXCEL_COM_READ_ONLY|MACROS_DISABLED,SRC-ALL-PROJECTS-FILE-50EDCEA3A3FB|SRC-ALL-PROJECTS-FILE-50EDCEA3A3FB-XLS-SHEET-003,source_guard_policy_v2_autonomous_eval,,,,,manifests\baseline-024\source_candidates\batch-003\legacy_xls\1110701\legacy_xls_parse\1110701\SRC-ALL-PROJECTS-FILE-50EDCEA3A3FB\003_Sheet3.csv,F01A374E9C81E3DB89B3A42940C4D6A5447684986A1296E42BF13F196EED6295,0
SGD-1F4DD9AD1DCF5E,SRC-ALL-PROJECTS,1110701,國倫高鐵,111年度工作\111年度工作\111年度訂單(已完成)\1110701國倫高鐵台南車站清水池改善\台南高鐵配水池改善材料清單.xls,台南高鐵配水池改善材料清單.xls,SRC-ALL-PROJECTS-FILE-518581B2789A,SRC-ALL-PROJECTS-FILE-518581B2789A-XLS-SHEET-001,81869648CCA051FF22028B16EC94457F03E7E115E8A238CED542FD70CDE22C60,62464,xls,標單總表,visible,69B419A89966BC4055506AE1065875A5A81B43AEA8EC74AB038F2025764DD94E,3,1110701,,allowed_material_list_workbook,excel_com_legacy_xls,16.0,PARSED_WITH_FINGERPRINT,NONE,NONE,NONE,CURRENT_OR_UNKNOWN,,CANDIDATE,UNREVIEWED,CURRENT_PROJECT_ID_MATCH_REVIEWABLE|LEGACY_XLS_PARSED_BY_EXCEL_COM_READ_ONLY|MACROS_DISABLED,SRC-ALL-PROJECTS-FILE-518581B2789A|SRC-ALL-PROJECTS-FILE-518581B2789A-XLS-SHEET-001,source_guard_policy_v2_autonomous_eval,,,,,manifests\baseline-024\source_candidates\batch-003\legacy_xls\1110701\legacy_xls_parse\1110701\SRC-ALL-PROJECTS-FILE-518581B2789A\001_標單總表.csv,620B6AC32C1FCB722329F4E9CD587A4714A041F6A69002FBFDF5BDD6BC662498,12
SGD-C5997B5BC85C01,SRC-ALL-PROJECTS,1110701,國倫高鐵,111年度工作\111年度工作\111年度訂單(已完成)\1110701國倫高鐵台南車站清水池改善\台南高鐵配水池改善材料清單.xls,台南高鐵配水池改善材料清單.xls,SRC-ALL-PROJECTS-FILE-518581B2789A,SRC-ALL-PROJECTS-FILE-518581B2789A-XLS-SHEET-002,81869648CCA051FF22028B16EC94457F03E7E115E8A238CED542FD70CDE22C60,62464,xls,標單詳細表,visible,327B19A81D88F9D13A45305E7AC29059CB7A09DF5C32EC891DE3BAECEE2546EC,3,1110701,,allowed_material_list_workbook,excel_com_legacy_xls,16.0,PARSED_WITH_FINGERPRINT,NONE,NONE,NONE,CURRENT_OR_UNKNOWN,,CANDIDATE,UNREVIEWED,CURRENT_PROJECT_ID_MATCH_REVIEWABLE|LEGACY_XLS_PARSED_BY_EXCEL_COM_READ_ONLY|MACROS_DISABLED,SRC-ALL-PROJECTS-FILE-518581B2789A|SRC-ALL-PROJECTS-FILE-518581B2789A-XLS-SHEET-002,source_guard_policy_v2_autonomous_eval,,,,,manifests\baseline-024\source_candidates\batch-003\legacy_xls\1110701\legacy_xls_parse\1110701\SRC-ALL-PROJECTS-FILE-518581B2789A\002_標單詳細表.csv,905604091B688BA581C77E3CFE7BD5591EC96AC3E9CCC8D8FE411CB1BFCCAF57,72
SGD-4455FEFE0CBE66,SRC-ALL-PROJECTS,1110701,國倫高鐵,111年度工作\111年度工作\111年度訂單(已完成)\1110701國倫高鐵台南車站清水池改善\台南高鐵配水池改善材料清單.xls,台南高鐵配水池改善材料清單.xls,SRC-ALL-PROJECTS-FILE-518581B2789A,SRC-ALL-PROJECTS-FILE-518581B2789A-XLS-SHEET-003,81869648CCA051FF22028B16EC94457F03E7E115E8A238CED542FD70CDE22C60,62464,xls,標單單價分析表,visible,45967A551C312E7BAA1D5F3BC6AFFB4BE0FBC640C1D7FE8F1844118516048EA2,3,1110701,,allowed_material_list_workbook,excel_com_legacy_xls,16.0,PARSED_WITH_FINGERPRINT,NONE,NONE,NONE,CURRENT_OR_UNKNOWN,,CANDIDATE,UNREVIEWED,CURRENT_PROJECT_ID_MATCH_REVIEWABLE|LEGACY_XLS_PARSED_BY_EXCEL_COM_READ_ONLY|MACROS_DISABLED,SRC-ALL-PROJECTS-FILE-518581B2789A|SRC-ALL-PROJECTS-FILE-518581B2789A-XLS-SHEET-003,source_guard_policy_v2_autonomous_eval,,,,,manifests\baseline-024\source_candidates\batch-003\legacy_xls\1110701\legacy_xls_parse\1110701\SRC-ALL-PROJECTS-FILE-518581B2789A\003_標單單價分析表.csv,B156AE11E75D331B22CBD3A2EAD4F715E9F8DBA778E92F8C94EB5B880D018AAE,49
SGD-51E910E0841C3A,SRC-ALL-PROJECTS,1110701,國倫高鐵,111年度工作\111年度工作\111年度訂單(已完成)\1110701國倫高鐵台南車站清水池改善\工作記錄單國倫高鐵台南車站配水池改善ls.xls,工作記錄單國倫高鐵台南車站配水池改善ls.xls,SRC-ALL-PROJECTS-FILE-5B4CC789877D,SRC-ALL-PROJECTS-FILE-5B4CC789877D-XLS-SHEET-001,20373D3EBB7A58462AC4EAC4623F60A87349F6F2D4A08203A1095349DC1C6010,155136,xls,0413,visible,44B250AE62DD3B0BC927C3C0EBF31D46567F1342287E2EFDFBA771BAAA7F9D65,6,1110701,,spreadsheet_other,excel_com_legacy_xls,16.0,PARSED_WITH_FINGERPRINT,NONE,NONE,NAMED_RANGE_REVIEW_REQUIRED,CURRENT_OR_UNKNOWN,,QUARANTINED,UNREVIEWED,CURRENT_PROJECT_ID_MATCH_REVIEWABLE|LEGACY_XLS_PARSED_BY_EXCEL_COM_READ_ONLY|MACROS_DISABLED|NAMED_RANGE_PRESENT,SRC-ALL-PROJECTS-FILE-5B4CC789877D|SRC-ALL-PROJECTS-FILE-5B4CC789877D-XLS-SHEET-001,source_guard_policy_v2_autonomous_eval,,,,,manifests\baseline-024\source_candidates\batch-003\legacy_xls\1110701\legacy_xls_parse\1110701\SRC-ALL-PROJECTS-FILE-5B4CC789877D\001_0413.csv,AD0F33A7A0D4F68F87DCB8B78EF61DB3BC12674CC10FF4BB5F19DDA6868DAEA0,35
SGD-A9E24B9687016F,SRC-ALL-PROJECTS,1110701,國倫高鐵,111年度工作\111年度工作\111年度訂單(已完成)\1110701國倫高鐵台南車站清水池改善\工作記錄單國倫高鐵台南車站配水池改善ls.xls,工作記錄單國倫高鐵台南車站配水池改善ls.xls,SRC-ALL-PROJECTS-FILE-5B4CC789877D,SRC-ALL-PROJECTS-FILE-5B4CC789877D-XLS-SHEET-002,20373D3EBB7A58462AC4EAC4623F60A87349F6F2D4A08203A1095349DC1C6010,155136,xls,0415,visible,80F99AC9C6518B1C241192861715CA6A227CACBF8E8B08CB512EBB3C660380EC,6,1110701,,spreadsheet_other,excel_com_legacy_xls,16.0,PARSED_WITH_FINGERPRINT,NONE,NONE,NAMED_RANGE_REVIEW_REQUIRED,CURRENT_OR_UNKNOWN,,QUARANTINED,UNREVIEWED,CURRENT_PROJECT_ID_MATCH_REVIEWABLE|LEGACY_XLS_PARSED_BY_EXCEL_COM_READ_ONLY|MACROS_DISABLED|NAMED_RANGE_PRESENT,SRC-ALL-PROJECTS-FILE-5B4CC789877D|SRC-ALL-PROJECTS-FILE-5B4CC789877D-XLS-SHEET-002,source_guard_policy_v2_autonomous_eval,,,,,manifests\baseline-024\source_candidates\batch-003\legacy_xls\1110701\legacy_xls_parse\1110701\SRC-ALL-PROJECTS-FILE-5B4CC789877D\002_0415.csv,85443C0FDC9678CCFB657AECCCB90A88F859E5FA16AB8B2EA7210B1053FE7B9A,35
SGD-6597A061D0E497,SRC-ALL-PROJECTS,1110701,國倫高鐵,111年度工作\111年度工作\111年度訂單(已完成)\1110701國倫高鐵台南車站清水池改善\工作記錄單國倫高鐵台南車站配水池改善ls.xls,工作記錄單國倫高鐵台南車站配水池改善ls.xls,SRC-ALL-PROJECTS-FILE-5B4CC789877D,SRC-ALL-PROJECTS-FILE-5B4CC789877D-XLS-SHEET-003,20373D3EBB7A58462AC4EAC4623F60A87349F6F2D4A08203A1095349DC1C6010,155136,xls,空白,visible,B5AD89DF08DECDCE5F994AD3DA7C3BBEA1E45E17C3F9FE8E167667935B3A6262,6,1110701,,spreadsheet_other,excel_com_legacy_xls,16.0,PARSED_WITH_FINGERPRINT,NONE,NONE,NAMED_RANGE_REVIEW_REQUIRED,CURRENT_OR_UNKNOWN,,QUARANTINED,UNREVIEWED,CURRENT_PROJECT_ID_MATCH_REVIEWABLE|LEGACY_XLS_PARSED_BY_EXCEL_COM_READ_ONLY|MACROS_DISABLED|NAMED_RANGE_PRESENT,SRC-ALL-PROJECTS-FILE-5B4CC789877D|SRC-ALL-PROJECTS-FILE-5B4CC789877D-XLS-SHEET-003,source_guard_policy_v2_autonomous_eval,,,,,manifests\baseline-024\source_candidates\batch-003\legacy_xls\1110701\legacy_xls_parse\1110701\SRC-ALL-PROJECTS-FILE-5B4CC789877D\003_空白.csv,1D9CD85BBEF8C721BBFD1971DE053612BFD9145A72AF191B7F8FFF5830E74A9D,35
SGD-F9952E2093E866,SRC-ALL-PROJECTS,1110701,國倫高鐵,111年度工作\111年度工作\111年度訂單(已完成)\1110701國倫高鐵台南車站清水池改善\工作記錄單國倫高鐵台南車站配水池改善ls.xls,工作記錄單國倫高鐵台南車站配水池改善ls.xls,SRC-ALL-PROJECTS-FILE-5B4CC789877D,SRC-ALL-PROJECTS-FILE-5B4CC789877D-XLS-SHEET-004,20373D3EBB7A58462AC4EAC4623F60A87349F6F2D4A08203A1095349DC1C6010,155136,xls,05,visible,C486E895C071C0C972EC1931CBA0899016DCFC94173F74D32DAB9D6E9DFCD142,6,1110701,,spreadsheet_other,excel_com_legacy_xls,16.0,PARSED_WITH_FINGERPRINT,NONE,NONE,NAMED_RANGE_REVIEW_REQUIRED,CURRENT_OR_UNKNOWN,,QUARANTINED,UNREVIEWED,CURRENT_PROJECT_ID_MATCH_REVIEWABLE|LEGACY_XLS_PARSED_BY_EXCEL_COM_READ_ONLY|MACROS_DISABLED|NAMED_RANGE_PRESENT,SRC-ALL-PROJECTS-FILE-5B4CC789877D|SRC-ALL-PROJECTS-FILE-5B4CC789877D-XLS-SHEET-004,source_guard_policy_v2_autonomous_eval,,,,,manifests\baseline-024\source_candidates\batch-003\legacy_xls\1110701\legacy_xls_parse\1110701\SRC-ALL-PROJECTS-FILE-5B4CC789877D\004_05.csv,768EF9E29A9A541E53DBA9A61496CBC5EA46A9498F86F833F1E0BEB02A18C41C,35
SGD-E201276AC2512B,SRC-ALL-PROJECTS,1110701,國倫高鐵,111年度工作\111年度工作\111年度訂單(已完成)\1110701國倫高鐵台南車站清水池改善\工作記錄單國倫高鐵台南車站配水池改善ls.xls,工作記錄單國倫高鐵台南車站配水池改善ls.xls,SRC-ALL-PROJECTS-FILE-5B4CC789877D,SRC-ALL-PROJECTS-FILE-5B4CC789877D-XLS-SHEET-005,20373D3EBB7A58462AC4EAC4623F60A87349F6F2D4A08203A1095349DC1C6010,155136,xls,05 (2),visible,AB9BB32E176B865C84DBA725CE82266BEFF1495F0C2BAF3232E972E6C74BD8B2,6,1110701,,spreadsheet_other,excel_com_legacy_xls,16.0,PARSED_WITH_FINGERPRINT,NONE,NONE,NAMED_RANGE_REVIEW_REQUIRED,CURRENT_OR_UNKNOWN,,QUARANTINED,UNREVIEWED,CURRENT_PROJECT_ID_MATCH_REVIEWABLE|LEGACY_XLS_PARSED_BY_EXCEL_COM_READ_ONLY|MACROS_DISABLED|NAMED_RANGE_PRESENT,SRC-ALL-PROJECTS-FILE-5B4CC789877D|SRC-ALL-PROJECTS-FILE-5B4CC789877D-XLS-SHEET-005,source_guard_policy_v2_autonomous_eval,,,,,manifests\baseline-024\source_candidates\batch-003\legacy_xls\1110701\legacy_xls_parse\1110701\SRC-ALL-PROJECTS-FILE-5B4CC789877D\005_05 (2).csv,AD46148889E6540EA6AC05F9BEE96AC0C92B5655F2025D70C3192CBEA5ED1990,35
SGD-AAFE95BFC84612,SRC-ALL-PROJECTS,1110701,國倫高鐵,111年度工作\111年度工作\111年度訂單(已完成)\1110701國倫高鐵台南車站清水池改善\工作記錄單國倫高鐵台南車站配水池改善ls.xls,工作記錄單國倫高鐵台南車站配水池改善ls.xls,SRC-ALL-PROJECTS-FILE-5B4CC789877D,SRC-ALL-PROJECTS-FILE-5B4CC789877D-XLS-SHEET-006,20373D3EBB7A58462AC4EAC4623F60A87349F6F2D4A08203A1095349DC1C6010,155136,xls,0505,visible,57704E40D688BC3C50FB45A7A772C06FDED685D61AAD5E0D2D8C702A299D384F,6,1110701,,spreadsheet_other,excel_com_legacy_xls,16.0,PARSED_WITH_FINGERPRINT,NONE,NONE,NAMED_RANGE_REVIEW_REQUIRED,CURRENT_OR_UNKNOWN,,QUARANTINED,UNREVIEWED,CURRENT_PROJECT_ID_MATCH_REVIEWABLE|LEGACY_XLS_PARSED_BY_EXCEL_COM_READ_ONLY|MACROS_DISABLED|NAMED_RANGE_PRESENT,SRC-ALL-PROJECTS-FILE-5B4CC789877D|SRC-ALL-PROJECTS-FILE-5B4CC789877D-XLS-SHEET-006,source_guard_policy_v2_autonomous_eval,,,,,manifests\baseline-024\source_candidates\batch-003\legacy_xls\1110701\legacy_xls_parse\1110701\SRC-ALL-PROJECTS-FILE-5B4CC789877D\006_0505.csv,0FCE6390FE48D358BC70A5744E3A519DEAACAEFF492C2FCAD178B18C3D50DDAD,29
SGD-EF5D32F598BEB4,SRC-ALL-PROJECTS,1110701,國倫高鐵,111年度工作\111年度工作\111年度訂單(已完成)\1110701國倫高鐵台南車站清水池改善\國倫水電高鐵台南車站配水池改善會議審查表.xls,國倫水電高鐵台南車站配水池改善會議審查表.xls,SRC-ALL-PROJECTS-FILE-5FF5886E7DAD,SRC-ALL-PROJECTS-FILE-5FF5886E7DAD-XLS-SHEET-001,71BAE4F5331546A964589AEB9B7C2A5AFE2A571A0FE46F4658C8A819F438C74E,90112,xls,分析表,visible,DA5E61A3AD3BCD092F447F2D757AD0F4CC05B68BFC88C68CCFEB64AECF610FA6,3,1110701,,spreadsheet_other,excel_com_legacy_xls,16.0,PARSED_WITH_FINGERPRINT,NONE,NONE,NAMED_RANGE_REVIEW_REQUIRED,CURRENT_OR_UNKNOWN,,QUARANTINED,UNREVIEWED,CURRENT_PROJECT_ID_MATCH_REVIEWABLE|LEGACY_XLS_PARSED_BY_EXCEL_COM_READ_ONLY|MACROS_DISABLED|NAMED_RANGE_PRESENT,SRC-ALL-PROJECTS-FILE-5FF5886E7DAD|SRC-ALL-PROJECTS-FILE-5FF5886E7DAD-XLS-SHEET-001,source_guard_policy_v2_autonomous_eval,,,,,manifests\baseline-024\source_candidates\batch-003\legacy_xls\1110701\legacy_xls_parse\1110701\SRC-ALL-PROJECTS-FILE-5FF5886E7DAD\001_分析表.csv,D9F93A9BDCF511BBD053D0A322CC307016C7A8B6C5A81972A645CDF568942F54,13
SGD-AE7E1799484930,SRC-ALL-PROJECTS,1110701,國倫高鐵,111年度工作\111年度工作\111年度訂單(已完成)\1110701國倫高鐵台南車站清水池改善\國倫水電高鐵台南車站配水池改善會議審查表.xls,國倫水電高鐵台南車站配水池改善會議審查表.xls,SRC-ALL-PROJECTS-FILE-5FF5886E7DAD,SRC-ALL-PROJECTS-FILE-5FF5886E7DAD-XLS-SHEET-002,71BAE4F5331546A964589AEB9B7C2A5AFE2A571A0FE46F4658C8A819F438C74E,90112,xls,會議審查,visible,003A2F1A3214959CF63018EB036E02C80C1437A036E262183326E15BC5969A56,3,1110701,,spreadsheet_other,excel_com_legacy_xls,16.0,PARSED_WITH_FINGERPRINT,NONE,NONE,NAMED_RANGE_REVIEW_REQUIRED,CURRENT_OR_UNKNOWN,,QUARANTINED,UNREVIEWED,CURRENT_PROJECT_ID_MATCH_REVIEWABLE|LEGACY_XLS_PARSED_BY_EXCEL_COM_READ_ONLY|MACROS_DISABLED|NAMED_RANGE_PRESENT,SRC-ALL-PROJECTS-FILE-5FF5886E7DAD|SRC-ALL-PROJECTS-FILE-5FF5886E7DAD-XLS-SHEET-002,source_guard_policy_v2_autonomous_eval,,,,,manifests\baseline-024\source_candidates\batch-003\legacy_xls\1110701\legacy_xls_parse\1110701\SRC-ALL-PROJECTS-FILE-5FF5886E7DAD\002_會議審查.csv,EB8B7FE91720F5B60869B1647360797ED5798122F512C03B3FDE3E26E2CCC953,36
SGD-54272996443934,SRC-ALL-PROJECTS,1110701,國倫高鐵,111年度工作\111年度工作\111年度訂單(已完成)\1110701國倫高鐵台南車站清水池改善\國倫水電高鐵台南車站配水池改善會議審查表.xls,國倫水電高鐵台南車站配水池改善會議審查表.xls,SRC-ALL-PROJECTS-FILE-5FF5886E7DAD,SRC-ALL-PROJECTS-FILE-5FF5886E7DAD-XLS-SHEET-003,71BAE4F5331546A964589AEB9B7C2A5AFE2A571A0FE46F4658C8A819F438C74E,90112,xls,Sheet3,visible,2431A7B5E34F6CDDF636CB6420EDAF96BB8F1E51757547FA6AD1B769DF2C82B2,3,1110701,,spreadsheet_other,excel_com_legacy_xls,16.0,PARSED_WITH_FINGERPRINT,NONE,NONE,NAMED_RANGE_REVIEW_REQUIRED,CURRENT_OR_UNKNOWN,,QUARANTINED,UNREVIEWED,CURRENT_PROJECT_ID_MATCH_REVIEWABLE|LEGACY_XLS_PARSED_BY_EXCEL_COM_READ_ONLY|MACROS_DISABLED|NAMED_RANGE_PRESENT,SRC-ALL-PROJECTS-FILE-5FF5886E7DAD|SRC-ALL-PROJECTS-FILE-5FF5886E7DAD-XLS-SHEET-003,source_guard_policy_v2_autonomous_eval,,,,,manifests\baseline-024\source_candidates\batch-003\legacy_xls\1110701\legacy_xls_parse\1110701\SRC-ALL-PROJECTS-FILE-5FF5886E7DAD\003_Sheet3.csv,F01A374E9C81E3DB89B3A42940C4D6A5447684986A1296E42BF13F196EED6295,0
SGD-28D54E32691B39,SRC-ALL-PROJECTS,1110701,國倫高鐵,111年度工作\111年度工作\111年度訂單(已完成)\1110701國倫高鐵台南車站清水池改善\台南高鐵配水池改善合約.xls,台南高鐵配水池改善合約.xls,SRC-ALL-PROJECTS-FILE-7FA9DFDF99CE,SRC-ALL-PROJECTS-FILE-7FA9DFDF99CE-XLS-SHEET-001,5AD4CF7FED23BF8D08709AFACD27A2D5C5913A7B5CE4FA7778E724548CD1F636,59904,xls,標單總表,visible,69B419A89966BC4055506AE1065875A5A81B43AEA8EC74AB038F2025764DD94E,3,1110701,,allowed_contract_workbook,excel_com_legacy_xls,16.0,PARSED_WITH_FINGERPRINT,NONE,NONE,NONE,CURRENT_OR_UNKNOWN,,CANDIDATE,UNREVIEWED,CURRENT_PROJECT_ID_MATCH_REVIEWABLE|LEGACY_XLS_PARSED_BY_EXCEL_COM_READ_ONLY|MACROS_DISABLED,SRC-ALL-PROJECTS-FILE-7FA9DFDF99CE|SRC-ALL-PROJECTS-FILE-7FA9DFDF99CE-XLS-SHEET-001,source_guard_policy_v2_autonomous_eval,,,,,manifests\baseline-024\source_candidates\batch-003\legacy_xls\1110701\legacy_xls_parse\1110701\SRC-ALL-PROJECTS-FILE-7FA9DFDF99CE\001_標單總表.csv,620B6AC32C1FCB722329F4E9CD587A4714A041F6A69002FBFDF5BDD6BC662498,12
SGD-CBE0E64C1A998D,SRC-ALL-PROJECTS,1110701,國倫高鐵,111年度工作\111年度工作\111年度訂單(已完成)\1110701國倫高鐵台南車站清水池改善\台南高鐵配水池改善合約.xls,台南高鐵配水池改善合約.xls,SRC-ALL-PROJECTS-FILE-7FA9DFDF99CE,SRC-ALL-PROJECTS-FILE-7FA9DFDF99CE-XLS-SHEET-002,5AD4CF7FED23BF8D08709AFACD27A2D5C5913A7B5CE4FA7778E724548CD1F636,59904,xls,標單詳細表,visible,C6EF0E01B1F27F9F41A7DE00550D1BDCA290645779042524EDF4CD41F4764DCE,3,1110701,,allowed_contract_workbook,excel_com_legacy_xls,16.0,PARSED_WITH_FINGERPRINT,NONE,NONE,NONE,CURRENT_OR_UNKNOWN,,CANDIDATE,UNREVIEWED,CURRENT_PROJECT_ID_MATCH_REVIEWABLE|LEGACY_XLS_PARSED_BY_EXCEL_COM_READ_ONLY|MACROS_DISABLED,SRC-ALL-PROJECTS-FILE-7FA9DFDF99CE|SRC-ALL-PROJECTS-FILE-7FA9DFDF99CE-XLS-SHEET-002,source_guard_policy_v2_autonomous_eval,,,,,manifests\baseline-024\source_candidates\batch-003\legacy_xls\1110701\legacy_xls_parse\1110701\SRC-ALL-PROJECTS-FILE-7FA9DFDF99CE\002_標單詳細表.csv,AD742426F27F268B8DEB75E80FF1A8E97421095CC27C347F6616709933CF3773,70
SGD-70561B77CFF5EF,SRC-ALL-PROJECTS,1110701,國倫高鐵,111年度工作\111年度工作\111年度訂單(已完成)\1110701國倫高鐵台南車站清水池改善\台南高鐵配水池改善合約.xls,台南高鐵配水池改善合約.xls,SRC-ALL-PROJECTS-FILE-7FA9DFDF99CE,SRC-ALL-PROJECTS-FILE-7FA9DFDF99CE-XLS-SHEET-003,5AD4CF7FED23BF8D08709AFACD27A2D5C5913A7B5CE4FA7778E724548CD1F636,59904,xls,標單單價分析表,visible,45967A551C312E7BAA1D5F3BC6AFFB4BE0FBC640C1D7FE8F1844118516048EA2,3,1110701,,allowed_contract_workbook,excel_com_legacy_xls,16.0,PARSED_WITH_FINGERPRINT,NONE,NONE,NONE,CURRENT_OR_UNKNOWN,,CANDIDATE,UNREVIEWED,CURRENT_PROJECT_ID_MATCH_REVIEWABLE|LEGACY_XLS_PARSED_BY_EXCEL_COM_READ_ONLY|MACROS_DISABLED,SRC-ALL-PROJECTS-FILE-7FA9DFDF99CE|SRC-ALL-PROJECTS-FILE-7FA9DFDF99CE-XLS-SHEET-003,source_guard_policy_v2_autonomous_eval,,,,,manifests\baseline-024\source_candidates\batch-003\legacy_xls\1110701\legacy_xls_parse\1110701\SRC-ALL-PROJECTS-FILE-7FA9DFDF99CE\003_標單單價分析表.csv,B156AE11E75D331B22CBD3A2EAD4F715E9F8DBA778E92F8C94EB5B880D018AAE,49
SGD-1C40F913C6DE05,SRC-ALL-PROJECTS,1110701,國倫高鐵,111年度工作\111年度工作\111年度訂單(已完成)\1110701國倫高鐵台南車站清水池改善\國倫高鐵台南車站配水池改善成本分析表.xls,國倫高鐵台南車站配水池改善成本分析表.xls,SRC-ALL-PROJECTS-FILE-B177D8660A13,SRC-ALL-PROJECTS-FILE-B177D8660A13-XLS-SHEET-001,4C15AC7D5EDA6945AECD62BA87FADD60AE46D103788A9342B55D665BC33A3CBD,38912,xls,Sheet2,visible,2327F3E6ECEE912E215AF094F55DE408AB2C6FEEB3ABDC7FD50B51592DA9CE91,3,1110701,,spreadsheet_other,excel_com_legacy_xls,16.0,PARSED_WITH_FINGERPRINT,NONE,NONE,NONE,CURRENT_OR_UNKNOWN,,CANDIDATE,UNREVIEWED,CURRENT_PROJECT_ID_MATCH_REVIEWABLE|LEGACY_XLS_PARSED_BY_EXCEL_COM_READ_ONLY|MACROS_DISABLED,SRC-ALL-PROJECTS-FILE-B177D8660A13|SRC-ALL-PROJECTS-FILE-B177D8660A13-XLS-SHEET-001,source_guard_policy_v2_autonomous_eval,,,,,manifests\baseline-024\source_candidates\batch-003\legacy_xls\1110701\legacy_xls_parse\1110701\SRC-ALL-PROJECTS-FILE-B177D8660A13\001_Sheet2.csv,F01A374E9C81E3DB89B3A42940C4D6A5447684986A1296E42BF13F196EED6295,0
SGD-FE29A796FDE5F6,SRC-ALL-PROJECTS,1110701,國倫高鐵,111年度工作\111年度工作\111年度訂單(已完成)\1110701國倫高鐵台南車站清水池改善\國倫高鐵台南車站配水池改善成本分析表.xls,國倫高鐵台南車站配水池改善成本分析表.xls,SRC-ALL-PROJECTS-FILE-B177D8660A13,SRC-ALL-PROJECTS-FILE-B177D8660A13-XLS-SHEET-002,4C15AC7D5EDA6945AECD62BA87FADD60AE46D103788A9342B55D665BC33A3CBD,38912,xls,Sheet3,visible,54A7F3467D202254816CDDA76C992CF40888AD969355429892E7625654B0F933,3,1110701,,spreadsheet_other,excel_com_legacy_xls,16.0,PARSED_WITH_FINGERPRINT,NONE,NONE,NONE,CURRENT_OR_UNKNOWN,,CANDIDATE,UNREVIEWED,CURRENT_PROJECT_ID_MATCH_REVIEWABLE|LEGACY_XLS_PARSED_BY_EXCEL_COM_READ_ONLY|MACROS_DISABLED,SRC-ALL-PROJECTS-FILE-B177D8660A13|SRC-ALL-PROJECTS-FILE-B177D8660A13-XLS-SHEET-002,source_guard_policy_v2_autonomous_eval,,,,,manifests\baseline-024\source_candidates\batch-003\legacy_xls\1110701\legacy_xls_parse\1110701\SRC-ALL-PROJECTS-FILE-B177D8660A13\002_Sheet3.csv,F01A374E9C81E3DB89B3A42940C4D6A5447684986A1296E42BF13F196EED6295,0
SGD-675B221A9DBA99,SRC-ALL-PROJECTS,1110701,國倫高鐵,111年度工作\111年度工作\111年度訂單(已完成)\1110701國倫高鐵台南車站清水池改善\國倫高鐵台南車站配水池改善成本分析表.xls,國倫高鐵台南車站配水池改善成本分析表.xls,SRC-ALL-PROJECTS-FILE-B177D8660A13,SRC-ALL-PROJECTS-FILE-B177D8660A13-XLS-SHEET-003,4C15AC7D5EDA6945AECD62BA87FADD60AE46D103788A9342B55D665BC33A3CBD,38912,xls,Sheet1,visible,FE162748ED0E8009F65998D5310E3034CB7EBFAEBFF5F7820818C1A95CB2CE56,3,1110701,,spreadsheet_other,excel_com_legacy_xls,16.0,PARSED_WITH_FINGERPRINT,NONE,NONE,NONE,CURRENT_OR_UNKNOWN,,CANDIDATE,UNREVIEWED,CURRENT_PROJECT_ID_MATCH_REVIEWABLE|LEGACY_XLS_PARSED_BY_EXCEL_COM_READ_ONLY|MACROS_DISABLED,SRC-ALL-PROJECTS-FILE-B177D8660A13|SRC-ALL-PROJECTS-FILE-B177D8660A13-XLS-SHEET-003,source_guard_policy_v2_autonomous_eval,,,,,manifests\baseline-024\source_candidates\batch-003\legacy_xls\1110701\legacy_xls_parse\1110701\SRC-ALL-PROJECTS-FILE-B177D8660A13\003_Sheet1.csv,F70E4FA2401A0768D0FFA6D2D5238232E3A0ED6097C4344ED4684865EF7F0F03,23
SGD-3429FB51A099C8,SRC-ALL-PROJECTS,1110704,超控鏡面,111年度工作\111年度工作\111年度訂單(已完成)\1110704超控鏡面淨水場廢水處理\超控鏡面淨水場廢水生產能力分表.xls,超控鏡面淨水場廢水生產能力分表.xls,SRC-ALL-PROJECTS-FILE-417B53C98328,SRC-ALL-PROJECTS-FILE-417B53C98328-XLS-SHEET-001,6D413F092513FF53357861BC5343364ED75BC4CBB33BADE770C80652E29FAD46,90112,xls,分析表,visible,DC4AA14AB7216A27E2EC4C22256F3F1922483B1F3B9272A13133184A0613412E,3,1110704,,spreadsheet_other,excel_com_legacy_xls,16.0,PARSED_WITH_FINGERPRINT,NONE,NONE,NAMED_RANGE_REVIEW_REQUIRED,CURRENT_OR_UNKNOWN,,QUARANTINED,UNREVIEWED,CURRENT_PROJECT_ID_MATCH_REVIEWABLE|LEGACY_XLS_PARSED_BY_EXCEL_COM_READ_ONLY|MACROS_DISABLED|NAMED_RANGE_PRESENT,SRC-ALL-PROJECTS-FILE-417B53C98328|SRC-ALL-PROJECTS-FILE-417B53C98328-XLS-SHEET-001,source_guard_policy_v2_autonomous_eval,,,,,manifests\baseline-024\source_candidates\batch-003\legacy_xls\1110704\legacy_xls_parse\1110704\SRC-ALL-PROJECTS-FILE-417B53C98328\001_分析表.csv,7D6CB61C5AD651775C19D134CB2B5C4F97199BC72B437BB4A5A2C728974577D4,13
SGD-73DE1CB46D746A,SRC-ALL-PROJECTS,1110704,超控鏡面,111年度工作\111年度工作\111年度訂單(已完成)\1110704超控鏡面淨水場廢水處理\超控鏡面淨水場廢水生產能力分表.xls,超控鏡面淨水場廢水生產能力分表.xls,SRC-ALL-PROJECTS-FILE-417B53C98328,SRC-ALL-PROJECTS-FILE-417B53C98328-XLS-SHEET-002,6D413F092513FF53357861BC5343364ED75BC4CBB33BADE770C80652E29FAD46,90112,xls,會議審查,visible,D71887E3DEC9BCA4F985796C64CA935621FBCBF7949AE3757C7E8B7F3A242E08,3,1110704,,spreadsheet_other,excel_com_legacy_xls,16.0,PARSED_WITH_FINGERPRINT,NONE,NONE,NAMED_RANGE_REVIEW_REQUIRED,CURRENT_OR_UNKNOWN,,QUARANTINED,UNREVIEWED,CURRENT_PROJECT_ID_MATCH_REVIEWABLE|LEGACY_XLS_PARSED_BY_EXCEL_COM_READ_ONLY|MACROS_DISABLED|NAMED_RANGE_PRESENT,SRC-ALL-PROJECTS-FILE-417B53C98328|SRC-ALL-PROJECTS-FILE-417B53C98328-XLS-SHEET-002,source_guard_policy_v2_autonomous_eval,,,,,manifests\baseline-024\source_candidates\batch-003\legacy_xls\1110704\legacy_xls_parse\1110704\SRC-ALL-PROJECTS-FILE-417B53C98328\002_會議審查.csv,986E47459BA7EF38F46F08D07CD9E0269274B83420D724482F2B0C672E84FCAE,36
SGD-E26B1C793A741F,SRC-ALL-PROJECTS,1110704,超控鏡面,111年度工作\111年度工作\111年度訂單(已完成)\1110704超控鏡面淨水場廢水處理\超控鏡面淨水場廢水生產能力分表.xls,超控鏡面淨水場廢水生產能力分表.xls,SRC-ALL-PROJECTS-FILE-417B53C98328,SRC-ALL-PROJECTS-FILE-417B53C98328-XLS-SHEET-003,6D413F092513FF53357861BC5343364ED75BC4CBB33BADE770C80652E29FAD46,90112,xls,Sheet3,visible,2431A7B5E34F6CDDF636CB6420EDAF96BB8F1E51757547FA6AD1B769DF2C82B2,3,1110704,,spreadsheet_other,excel_com_legacy_xls,16.0,PARSED_WITH_FINGERPRINT,NONE,NONE,NAMED_RANGE_REVIEW_REQUIRED,CURRENT_OR_UNKNOWN,,QUARANTINED,UNREVIEWED,CURRENT_PROJECT_ID_MATCH_REVIEWABLE|LEGACY_XLS_PARSED_BY_EXCEL_COM_READ_ONLY|MACROS_DISABLED|NAMED_RANGE_PRESENT,SRC-ALL-PROJECTS-FILE-417B53C98328|SRC-ALL-PROJECTS-FILE-417B53C98328-XLS-SHEET-003,source_guard_policy_v2_autonomous_eval,,,,,manifests\baseline-024\source_candidates\batch-003\legacy_xls\1110704\legacy_xls_parse\1110704\SRC-ALL-PROJECTS-FILE-417B53C98328\003_Sheet3.csv,F01A374E9C81E3DB89B3A42940C4D6A5447684986A1296E42BF13F196EED6295,0
SGD-5DA97EDF789506,SRC-ALL-PROJECTS,1110704,超控鏡面,111年度工作\111年度工作\111年度訂單(已完成)\1110704超控鏡面淨水場廢水處理\南化鏡面淨水場增設廢水材料清單.xls,南化鏡面淨水場增設廢水材料清單.xls,SRC-ALL-PROJECTS-FILE-5B89653F2A88,SRC-ALL-PROJECTS-FILE-5B89653F2A88-XLS-SHEET-001,90BA66A47D30633A2AC8FCC489ED5066AFF64D6E836A3C2AC270EF0830E845C2,43520,xls,Sheet1,visible,AEC10975E1B252D79C4BD6FB0D3F75A6FF4B7BE9612BB5222C9A3E88E4C83332,3,1110704,,allowed_material_list_workbook,excel_com_legacy_xls,16.0,PARSED_WITH_FINGERPRINT,NONE,NONE,NONE,CURRENT_OR_UNKNOWN,,CANDIDATE,UNREVIEWED,CURRENT_PROJECT_ID_MATCH_REVIEWABLE|LEGACY_XLS_PARSED_BY_EXCEL_COM_READ_ONLY|MACROS_DISABLED,SRC-ALL-PROJECTS-FILE-5B89653F2A88|SRC-ALL-PROJECTS-FILE-5B89653F2A88-XLS-SHEET-001,source_guard_policy_v2_autonomous_eval,,,,,manifests\baseline-024\source_candidates\batch-003\legacy_xls\1110704\legacy_xls_parse\1110704\SRC-ALL-PROJECTS-FILE-5B89653F2A88\001_Sheet1.csv,4963CBD5352E5CB17778D8EAB0BD6F8C848F2743C4ED9992B47845B78193FCFB,74
SGD-1A2E70B6D89867,SRC-ALL-PROJECTS,1110704,超控鏡面,111年度工作\111年度工作\111年度訂單(已完成)\1110704超控鏡面淨水場廢水處理\南化鏡面淨水場增設廢水材料清單.xls,南化鏡面淨水場增設廢水材料清單.xls,SRC-ALL-PROJECTS-FILE-5B89653F2A88,SRC-ALL-PROJECTS-FILE-5B89653F2A88-XLS-SHEET-002,90BA66A47D30633A2AC8FCC489ED5066AFF64D6E836A3C2AC270EF0830E845C2,43520,xls,Sheet2,visible,2327F3E6ECEE912E215AF094F55DE408AB2C6FEEB3ABDC7FD50B51592DA9CE91,3,1110704,,allowed_material_list_workbook,excel_com_legacy_xls,16.0,PARSED_WITH_FINGERPRINT,NONE,NONE,NONE,CURRENT_OR_UNKNOWN,,CANDIDATE,UNREVIEWED,CURRENT_PROJECT_ID_MATCH_REVIEWABLE|LEGACY_XLS_PARSED_BY_EXCEL_COM_READ_ONLY|MACROS_DISABLED,SRC-ALL-PROJECTS-FILE-5B89653F2A88|SRC-ALL-PROJECTS-FILE-5B89653F2A88-XLS-SHEET-002,source_guard_policy_v2_autonomous_eval,,,,,manifests\baseline-024\source_candidates\batch-003\legacy_xls\1110704\legacy_xls_parse\1110704\SRC-ALL-PROJECTS-FILE-5B89653F2A88\002_Sheet2.csv,F01A374E9C81E3DB89B3A42940C4D6A5447684986A1296E42BF13F196EED6295,0
SGD-7D11A6F1000812,SRC-ALL-PROJECTS,1110704,超控鏡面,111年度工作\111年度工作\111年度訂單(已完成)\1110704超控鏡面淨水場廢水處理\南化鏡面淨水場增設廢水材料清單.xls,南化鏡面淨水場增設廢水材料清單.xls,SRC-ALL-PROJECTS-FILE-5B89653F2A88,SRC-ALL-PROJECTS-FILE-5B89653F2A88-XLS-SHEET-003,90BA66A47D30633A2AC8FCC489ED5066AFF64D6E836A3C2AC270EF0830E845C2,43520,xls,Sheet3,visible,54A7F3467D202254816CDDA76C992CF40888AD969355429892E7625654B0F933,3,1110704,,allowed_material_list_workbook,excel_com_legacy_xls,16.0,PARSED_WITH_FINGERPRINT,NONE,NONE,NONE,CURRENT_OR_UNKNOWN,,CANDIDATE,UNREVIEWED,CURRENT_PROJECT_ID_MATCH_REVIEWABLE|LEGACY_XLS_PARSED_BY_EXCEL_COM_READ_ONLY|MACROS_DISABLED,SRC-ALL-PROJECTS-FILE-5B89653F2A88|SRC-ALL-PROJECTS-FILE-5B89653F2A88-XLS-SHEET-003,source_guard_policy_v2_autonomous_eval,,,,,manifests\baseline-024\source_candidates\batch-003\legacy_xls\1110704\legacy_xls_parse\1110704\SRC-ALL-PROJECTS-FILE-5B89653F2A88\003_Sheet3.csv,F01A374E9C81E3DB89B3A42940C4D6A5447684986A1296E42BF13F196EED6295,0
SGD-FA7A9E3A45902B,SRC-ALL-PROJECTS,1110704,超控鏡面,111年度工作\111年度工作\111年度訂單(已完成)\1110704超控鏡面淨水場廢水處理\工作紀錄單超控鏡面淨水場.xls,工作紀錄單超控鏡面淨水場.xls,SRC-ALL-PROJECTS-FILE-A642C72DC326,SRC-ALL-PROJECTS-FILE-A642C72DC326-XLS-SHEET-001,EEB902692E42995E87CEE1871D51140A6CEA901DF6EDF5DEFD1F8437B52E853D,155648,xls,0413,visible,44B250AE62DD3B0BC927C3C0EBF31D46567F1342287E2EFDFBA771BAAA7F9D65,6,1110704,,spreadsheet_other,excel_com_legacy_xls,16.0,PARSED_WITH_FINGERPRINT,NONE,NONE,NAMED_RANGE_REVIEW_REQUIRED,CURRENT_OR_UNKNOWN,,QUARANTINED,UNREVIEWED,CURRENT_PROJECT_ID_MATCH_REVIEWABLE|LEGACY_XLS_PARSED_BY_EXCEL_COM_READ_ONLY|MACROS_DISABLED|NAMED_RANGE_PRESENT,SRC-ALL-PROJECTS-FILE-A642C72DC326|SRC-ALL-PROJECTS-FILE-A642C72DC326-XLS-SHEET-001,source_guard_policy_v2_autonomous_eval,,,,,manifests\baseline-024\source_candidates\batch-003\legacy_xls\1110704\legacy_xls_parse\1110704\SRC-ALL-PROJECTS-FILE-A642C72DC326\001_0413.csv,AD0F33A7A0D4F68F87DCB8B78EF61DB3BC12674CC10FF4BB5F19DDA6868DAEA0,35
SGD-B4067AA9B4EE9E,SRC-ALL-PROJECTS,1110704,超控鏡面,111年度工作\111年度工作\111年度訂單(已完成)\1110704超控鏡面淨水場廢水處理\工作紀錄單超控鏡面淨水場.xls,工作紀錄單超控鏡面淨水場.xls,SRC-ALL-PROJECTS-FILE-A642C72DC326,SRC-ALL-PROJECTS-FILE-A642C72DC326-XLS-SHEET-002,EEB902692E42995E87CEE1871D51140A6CEA901DF6EDF5DEFD1F8437B52E853D,155648,xls,0415,visible,80F99AC9C6518B1C241192861715CA6A227CACBF8E8B08CB512EBB3C660380EC,6,1110704,,spreadsheet_other,excel_com_legacy_xls,16.0,PARSED_WITH_FINGERPRINT,NONE,NONE,NAMED_RANGE_REVIEW_REQUIRED,CURRENT_OR_UNKNOWN,,QUARANTINED,UNREVIEWED,CURRENT_PROJECT_ID_MATCH_REVIEWABLE|LEGACY_XLS_PARSED_BY_EXCEL_COM_READ_ONLY|MACROS_DISABLED|NAMED_RANGE_PRESENT,SRC-ALL-PROJECTS-FILE-A642C72DC326|SRC-ALL-PROJECTS-FILE-A642C72DC326-XLS-SHEET-002,source_guard_policy_v2_autonomous_eval,,,,,manifests\baseline-024\source_candidates\batch-003\legacy_xls\1110704\legacy_xls_parse\1110704\SRC-ALL-PROJECTS-FILE-A642C72DC326\002_0415.csv,85443C0FDC9678CCFB657AECCCB90A88F859E5FA16AB8B2EA7210B1053FE7B9A,35
SGD-5229CA54A29840,SRC-ALL-PROJECTS,1110704,超控鏡面,111年度工作\111年度工作\111年度訂單(已完成)\1110704超控鏡面淨水場廢水處理\工作紀錄單超控鏡面淨水場.xls,工作紀錄單超控鏡面淨水場.xls,SRC-ALL-PROJECTS-FILE-A642C72DC326,SRC-ALL-PROJECTS-FILE-A642C72DC326-XLS-SHEET-003,EEB902692E42995E87CEE1871D51140A6CEA901DF6EDF5DEFD1F8437B52E853D,155648,xls,空白,visible,B5AD89DF08DECDCE5F994AD3DA7C3BBEA1E45E17C3F9FE8E167667935B3A6262,6,1110704,,spreadsheet_other,excel_com_legacy_xls,16.0,PARSED_WITH_FINGERPRINT,NONE,NONE,NAMED_RANGE_REVIEW_REQUIRED,CURRENT_OR_UNKNOWN,,QUARANTINED,UNREVIEWED,CURRENT_PROJECT_ID_MATCH_REVIEWABLE|LEGACY_XLS_PARSED_BY_EXCEL_COM_READ_ONLY|MACROS_DISABLED|NAMED_RANGE_PRESENT,SRC-ALL-PROJECTS-FILE-A642C72DC326|SRC-ALL-PROJECTS-FILE-A642C72DC326-XLS-SHEET-003,source_guard_policy_v2_autonomous_eval,,,,,manifests\baseline-024\source_candidates\batch-003\legacy_xls\1110704\legacy_xls_parse\1110704\SRC-ALL-PROJECTS-FILE-A642C72DC326\003_空白.csv,1D9CD85BBEF8C721BBFD1971DE053612BFD9145A72AF191B7F8FFF5830E74A9D,35
SGD-9869278DE51569,SRC-ALL-PROJECTS,1110704,超控鏡面,111年度工作\111年度工作\111年度訂單(已完成)\1110704超控鏡面淨水場廢水處理\工作紀錄單超控鏡面淨水場.xls,工作紀錄單超控鏡面淨水場.xls,SRC-ALL-PROJECTS-FILE-A642C72DC326,SRC-ALL-PROJECTS-FILE-A642C72DC326-XLS-SHEET-004,EEB902692E42995E87CEE1871D51140A6CEA901DF6EDF5DEFD1F8437B52E853D,155648,xls,05,visible,C486E895C071C0C972EC1931CBA0899016DCFC94173F74D32DAB9D6E9DFCD142,6,1110704,,spreadsheet_other,excel_com_legacy_xls,16.0,PARSED_WITH_FINGERPRINT,NONE,NONE,NAMED_RANGE_REVIEW_REQUIRED,CURRENT_OR_UNKNOWN,,QUARANTINED,UNREVIEWED,CURRENT_PROJECT_ID_MATCH_REVIEWABLE|LEGACY_XLS_PARSED_BY_EXCEL_COM_READ_ONLY|MACROS_DISABLED|NAMED_RANGE_PRESENT,SRC-ALL-PROJECTS-FILE-A642C72DC326|SRC-ALL-PROJECTS-FILE-A642C72DC326-XLS-SHEET-004,source_guard_policy_v2_autonomous_eval,,,,,manifests\baseline-024\source_candidates\batch-003\legacy_xls\1110704\legacy_xls_parse\1110704\SRC-ALL-PROJECTS-FILE-A642C72DC326\004_05.csv,768EF9E29A9A541E53DBA9A61496CBC5EA46A9498F86F833F1E0BEB02A18C41C,35
SGD-02B8C166929D8D,SRC-ALL-PROJECTS,1110704,超控鏡面,111年度工作\111年度工作\111年度訂單(已完成)\1110704超控鏡面淨水場廢水處理\工作紀錄單超控鏡面淨水場.xls,工作紀錄單超控鏡面淨水場.xls,SRC-ALL-PROJECTS-FILE-A642C72DC326,SRC-ALL-PROJECTS-FILE-A642C72DC326-XLS-SHEET-005,EEB902692E42995E87CEE1871D51140A6CEA901DF6EDF5DEFD1F8437B52E853D,155648,xls,05 (2),visible,AB9BB32E176B865C84DBA725CE82266BEFF1495F0C2BAF3232E972E6C74BD8B2,6,1110704,,spreadsheet_other,excel_com_legacy_xls,16.0,PARSED_WITH_FINGERPRINT,NONE,NONE,NAMED_RANGE_REVIEW_REQUIRED,CURRENT_OR_UNKNOWN,,QUARANTINED,UNREVIEWED,CURRENT_PROJECT_ID_MATCH_REVIEWABLE|LEGACY_XLS_PARSED_BY_EXCEL_COM_READ_ONLY|MACROS_DISABLED|NAMED_RANGE_PRESENT,SRC-ALL-PROJECTS-FILE-A642C72DC326|SRC-ALL-PROJECTS-FILE-A642C72DC326-XLS-SHEET-005,source_guard_policy_v2_autonomous_eval,,,,,manifests\baseline-024\source_candidates\batch-003\legacy_xls\1110704\legacy_xls_parse\1110704\SRC-ALL-PROJECTS-FILE-A642C72DC326\005_05 (2).csv,AD46148889E6540EA6AC05F9BEE96AC0C92B5655F2025D70C3192CBEA5ED1990,35
SGD-A75C22153F06E1,SRC-ALL-PROJECTS,1110704,超控鏡面,111年度工作\111年度工作\111年度訂單(已完成)\1110704超控鏡面淨水場廢水處理\工作紀錄單超控鏡面淨水場.xls,工作紀錄單超控鏡面淨水場.xls,SRC-ALL-PROJECTS-FILE-A642C72DC326,SRC-ALL-PROJECTS-FILE-A642C72DC326-XLS-SHEET-006,EEB902692E42995E87CEE1871D51140A6CEA901DF6EDF5DEFD1F8437B52E853D,155648,xls,0505,visible,EBFFC96BE3F9DDCA2E3DD751B97E063542EC12159A549B4613C7E8B15FE46E7C,6,1110704,,spreadsheet_other,excel_com_legacy_xls,16.0,PARSED_WITH_FINGERPRINT,NONE,NONE,NAMED_RANGE_REVIEW_REQUIRED,CURRENT_OR_UNKNOWN,,QUARANTINED,UNREVIEWED,CURRENT_PROJECT_ID_MATCH_REVIEWABLE|LEGACY_XLS_PARSED_BY_EXCEL_COM_READ_ONLY|MACROS_DISABLED|NAMED_RANGE_PRESENT,SRC-ALL-PROJECTS-FILE-A642C72DC326|SRC-ALL-PROJECTS-FILE-A642C72DC326-XLS-SHEET-006,source_guard_policy_v2_autonomous_eval,,,,,manifests\baseline-024\source_candidates\batch-003\legacy_xls\1110704\legacy_xls_parse\1110704\SRC-ALL-PROJECTS-FILE-A642C72DC326\006_0505.csv,F4D0804AFF541C66F71093E2C985E52D0BB30CDF679D49849C036C7376F71BD7,29
SGD-5DC39491142F54,SRC-ALL-PROJECTS,1110704,超控鏡面,111年度工作\111年度工作\111年度訂單(已完成)\1110704超控鏡面淨水場廢水處理\超控鏡面淨水場廢水會議審查.xls,超控鏡面淨水場廢水會議審查.xls,SRC-ALL-PROJECTS-FILE-CBEF412646C8,SRC-ALL-PROJECTS-FILE-CBEF412646C8-XLS-SHEET-001,D8D2D583831F77B40F3A26C9D05BB5EDAA500FDFD47E76EADD6244C227739B69,90112,xls,分析表,visible,6C4228887E1154F44D16833E5FB5C3FFE88E490F6374EF7D601C7446474701B0,3,1110704,,spreadsheet_other,excel_com_legacy_xls,16.0,PARSED_WITH_FINGERPRINT,NONE,NONE,NAMED_RANGE_REVIEW_REQUIRED,CURRENT_OR_UNKNOWN,,QUARANTINED,UNREVIEWED,CURRENT_PROJECT_ID_MATCH_REVIEWABLE|LEGACY_XLS_PARSED_BY_EXCEL_COM_READ_ONLY|MACROS_DISABLED|NAMED_RANGE_PRESENT,SRC-ALL-PROJECTS-FILE-CBEF412646C8|SRC-ALL-PROJECTS-FILE-CBEF412646C8-XLS-SHEET-001,source_guard_policy_v2_autonomous_eval,,,,,manifests\baseline-024\source_candidates\batch-003\legacy_xls\1110704\legacy_xls_parse\1110704\SRC-ALL-PROJECTS-FILE-CBEF412646C8\001_分析表.csv,8509D6A09CDB9BC1487B4B0BF0C66420C520EA4E990AF278D1AB4CE15A0A9E98,13
SGD-C0BD6B60A51560,SRC-ALL-PROJECTS,1110704,超控鏡面,111年度工作\111年度工作\111年度訂單(已完成)\1110704超控鏡面淨水場廢水處理\超控鏡面淨水場廢水會議審查.xls,超控鏡面淨水場廢水會議審查.xls,SRC-ALL-PROJECTS-FILE-CBEF412646C8,SRC-ALL-PROJECTS-FILE-CBEF412646C8-XLS-SHEET-002,D8D2D583831F77B40F3A26C9D05BB5EDAA500FDFD47E76EADD6244C227739B69,90112,xls,會議審查,visible,3ABDDED24E696C2C6E43C1D5CCEE18DDAE854E8C32AC08BFC84DA634D7281CCD,3,1110704,,spreadsheet_other,excel_com_legacy_xls,16.0,PARSED_WITH_FINGERPRINT,NONE,NONE,NAMED_RANGE_REVIEW_REQUIRED,CURRENT_OR_UNKNOWN,,QUARANTINED,UNREVIEWED,CURRENT_PROJECT_ID_MATCH_REVIEWABLE|LEGACY_XLS_PARSED_BY_EXCEL_COM_READ_ONLY|MACROS_DISABLED|NAMED_RANGE_PRESENT,SRC-ALL-PROJECTS-FILE-CBEF412646C8|SRC-ALL-PROJECTS-FILE-CBEF412646C8-XLS-SHEET-002,source_guard_policy_v2_autonomous_eval,,,,,manifests\baseline-024\source_candidates\batch-003\legacy_xls\1110704\legacy_xls_parse\1110704\SRC-ALL-PROJECTS-FILE-CBEF412646C8\002_會議審查.csv,3DE6E2176913B46C1D0B418C644353363BF968953EBC3EDF03116B76BDD7A86F,36
SGD-BDCB9F78E749A9,SRC-ALL-PROJECTS,1110704,超控鏡面,111年度工作\111年度工作\111年度訂單(已完成)\1110704超控鏡面淨水場廢水處理\超控鏡面淨水場廢水會議審查.xls,超控鏡面淨水場廢水會議審查.xls,SRC-ALL-PROJECTS-FILE-CBEF412646C8,SRC-ALL-PROJECTS-FILE-CBEF412646C8-XLS-SHEET-003,D8D2D583831F77B40F3A26C9D05BB5EDAA500FDFD47E76EADD6244C227739B69,90112,xls,Sheet3,visible,2431A7B5E34F6CDDF636CB6420EDAF96BB8F1E51757547FA6AD1B769DF2C82B2,3,1110704,,spreadsheet_other,excel_com_legacy_xls,16.0,PARSED_WITH_FINGERPRINT,NONE,NONE,NAMED_RANGE_REVIEW_REQUIRED,CURRENT_OR_UNKNOWN,,QUARANTINED,UNREVIEWED,CURRENT_PROJECT_ID_MATCH_REVIEWABLE|LEGACY_XLS_PARSED_BY_EXCEL_COM_READ_ONLY|MACROS_DISABLED|NAMED_RANGE_PRESENT,SRC-ALL-PROJECTS-FILE-CBEF412646C8|SRC-ALL-PROJECTS-FILE-CBEF412646C8-XLS-SHEET-003,source_guard_policy_v2_autonomous_eval,,,,,manifests\baseline-024\source_candidates\batch-003\legacy_xls\1110704\legacy_xls_parse\1110704\SRC-ALL-PROJECTS-FILE-CBEF412646C8\003_Sheet3.csv,F01A374E9C81E3DB89B3A42940C4D6A5447684986A1296E42BF13F196EED6295,0
SGD-2A177EAB680A6E,SRC-ALL-PROJECTS,1110704,超控鏡面,111年度工作\111年度工作\111年度訂單(已完成)\1110704超控鏡面淨水場廢水處理\南化鏡面淨水場增設廢水合約.xls,南化鏡面淨水場增設廢水合約.xls,SRC-ALL-PROJECTS-FILE-FD2AEFFAE00B,SRC-ALL-PROJECTS-FILE-FD2AEFFAE00B-XLS-SHEET-001,FF45D95B5FBF620E0CB6FD88C819EAA45B3913D33CB5326A9985F13C9D1E6433,41984,xls,Sheet1,visible,4C7FD938C8E0484E67E579B6A2C29514A14E14DDDC4B0F58A538B0ED839D1028,3,1110704,,allowed_contract_workbook,excel_com_legacy_xls,16.0,PARSED_WITH_FINGERPRINT,NONE,NONE,NONE,CURRENT_OR_UNKNOWN,,CANDIDATE,UNREVIEWED,CURRENT_PROJECT_ID_MATCH_REVIEWABLE|LEGACY_XLS_PARSED_BY_EXCEL_COM_READ_ONLY|MACROS_DISABLED,SRC-ALL-PROJECTS-FILE-FD2AEFFAE00B|SRC-ALL-PROJECTS-FILE-FD2AEFFAE00B-XLS-SHEET-001,source_guard_policy_v2_autonomous_eval,,,,,manifests\baseline-024\source_candidates\batch-003\legacy_xls\1110704\legacy_xls_parse\1110704\SRC-ALL-PROJECTS-FILE-FD2AEFFAE00B\001_Sheet1.csv,360042A2706938BD6002011E9FD32279F34AF93F617372FD8B0A63C5C5285A14,74
SGD-2318CC44DC27F0,SRC-ALL-PROJECTS,1110704,超控鏡面,111年度工作\111年度工作\111年度訂單(已完成)\1110704超控鏡面淨水場廢水處理\南化鏡面淨水場增設廢水合約.xls,南化鏡面淨水場增設廢水合約.xls,SRC-ALL-PROJECTS-FILE-FD2AEFFAE00B,SRC-ALL-PROJECTS-FILE-FD2AEFFAE00B-XLS-SHEET-002,FF45D95B5FBF620E0CB6FD88C819EAA45B3913D33CB5326A9985F13C9D1E6433,41984,xls,Sheet2,visible,2327F3E6ECEE912E215AF094F55DE408AB2C6FEEB3ABDC7FD50B51592DA9CE91,3,1110704,,allowed_contract_workbook,excel_com_legacy_xls,16.0,PARSED_WITH_FINGERPRINT,NONE,NONE,NONE,CURRENT_OR_UNKNOWN,,CANDIDATE,UNREVIEWED,CURRENT_PROJECT_ID_MATCH_REVIEWABLE|LEGACY_XLS_PARSED_BY_EXCEL_COM_READ_ONLY|MACROS_DISABLED,SRC-ALL-PROJECTS-FILE-FD2AEFFAE00B|SRC-ALL-PROJECTS-FILE-FD2AEFFAE00B-XLS-SHEET-002,source_guard_policy_v2_autonomous_eval,,,,,manifests\baseline-024\source_candidates\batch-003\legacy_xls\1110704\legacy_xls_parse\1110704\SRC-ALL-PROJECTS-FILE-FD2AEFFAE00B\002_Sheet2.csv,F01A374E9C81E3DB89B3A42940C4D6A5447684986A1296E42BF13F196EED6295,0
SGD-6702D737B1585B,SRC-ALL-PROJECTS,1110704,超控鏡面,111年度工作\111年度工作\111年度訂單(已完成)\1110704超控鏡面淨水場廢水處理\南化鏡面淨水場增設廢水合約.xls,南化鏡面淨水場增設廢水合約.xls,SRC-ALL-PROJECTS-FILE-FD2AEFFAE00B,SRC-ALL-PROJECTS-FILE-FD2AEFFAE00B-XLS-SHEET-003,FF45D95B5FBF620E0CB6FD88C819EAA45B3913D33CB5326A9985F13C9D1E6433,41984,xls,Sheet3,visible,54A7F3467D202254816CDDA76C992CF40888AD969355429892E7625654B0F933,3,1110704,,allowed_contract_workbook,excel_com_legacy_xls,16.0,PARSED_WITH_FINGERPRINT,NONE,NONE,NONE,CURRENT_OR_UNKNOWN,,CANDIDATE,UNREVIEWED,CURRENT_PROJECT_ID_MATCH_REVIEWABLE|LEGACY_XLS_PARSED_BY_EXCEL_COM_READ_ONLY|MACROS_DISABLED,SRC-ALL-PROJECTS-FILE-FD2AEFFAE00B|SRC-ALL-PROJECTS-FILE-FD2AEFFAE00B-XLS-SHEET-003,source_guard_policy_v2_autonomous_eval,,,,,manifests\baseline-024\source_candidates\batch-003\legacy_xls\1110704\legacy_xls_parse\1110704\SRC-ALL-PROJECTS-FILE-FD2AEFFAE00B\003_Sheet3.csv,F01A374E9C81E3DB89B3A42940C4D6A5447684986A1296E42BF13F196EED6295,0
SGD-256C8D049134D9,SRC-ALL-PROJECTS,1110706,核陽工程,111年度工作\111年度工作\111年度訂單(已完成)\1110706核陽工程-聯電 12A P3 CUB 2F DRYER一次配電\聯電 12A P3 CUB 2F DRYER一次配電工程標單-材料清單.xls,聯電 12A P3 CUB 2F DRYER一次配電工程標單-材料清單.xls,SRC-ALL-PROJECTS-FILE-05BCBD65FF18,SRC-ALL-PROJECTS-FILE-05BCBD65FF18-XLS-SHEET-001,6E97D0ABDE9D40F2D60F27692ACF72B93377AC3308EFB69F0B9A5DDCCFF7AF7D,36864,xls,材料設備,visible,70810DFF15348FE62927765C21BCEF2BC5DBFFFE90B452008D588D01F40B9D1E,1,1110706,核陽工程,allowed_material_list_workbook,excel_com_legacy_xls,16.0,PARSED_WITH_FINGERPRINT,NONE,NONE,NAMED_RANGE_REVIEW_REQUIRED,CURRENT_OR_UNKNOWN,,QUARANTINED,UNREVIEWED,CURRENT_PROJECT_ID_MATCH_REVIEWABLE|LEGACY_XLS_PARSED_BY_EXCEL_COM_READ_ONLY|MACROS_DISABLED|NAMED_RANGE_PRESENT,SRC-ALL-PROJECTS-FILE-05BCBD65FF18|SRC-ALL-PROJECTS-FILE-05BCBD65FF18-XLS-SHEET-001,source_guard_policy_v2_autonomous_eval,,,,,manifests\baseline-024\source_candidates\batch-003\legacy_xls\1110706\legacy_xls_parse\1110706\SRC-ALL-PROJECTS-FILE-05BCBD65FF18\001_材料設備.csv,70668B32E04C4A5D0F825B2605A8BF96196D2CF9F659D6C583087E42DFC59209,16
SGD-B487A77172D9CE,SRC-ALL-PROJECTS,1110706,核陽工程,111年度工作\111年度工作\111年度訂單(已完成)\1110706核陽工程-聯電 12A P3 CUB 2F DRYER一次配電\聯電 12A P3 CUB 2F DRYER一次配電工程(工作紀錄單).xls,聯電 12A P3 CUB 2F DRYER一次配電工程(工作紀錄單).xls,SRC-ALL-PROJECTS-FILE-9983923C09B5,SRC-ALL-PROJECTS-FILE-9983923C09B5-XLS-SHEET-001,3EEEF063ABEE4CA4AB00E67AF0C63CE751A43C58F09BE7A28FCBBC8CBDBBDBF7,50688,xls,聯電 12A P3 CUB 2F DRYER一次配電工程,visible,83FAB16D374EC6834C9937C8463CB9BB0A84027D1895135C6DE4693A1AD62A87,1,1110706,核陽工程,spreadsheet_other,excel_com_legacy_xls,16.0,PARSED_WITH_FINGERPRINT,NONE,NONE,NAMED_RANGE_REVIEW_REQUIRED,CURRENT_OR_UNKNOWN,,QUARANTINED,UNREVIEWED,CURRENT_PROJECT_ID_MATCH_REVIEWABLE|LEGACY_XLS_PARSED_BY_EXCEL_COM_READ_ONLY|MACROS_DISABLED|NAMED_RANGE_PRESENT,SRC-ALL-PROJECTS-FILE-9983923C09B5|SRC-ALL-PROJECTS-FILE-9983923C09B5-XLS-SHEET-001,source_guard_policy_v2_autonomous_eval,,,,,manifests\baseline-024\source_candidates\batch-003\legacy_xls\1110706\legacy_xls_parse\1110706\SRC-ALL-PROJECTS-FILE-9983923C09B5\001_聯電 12A P3 CUB 2F DRYER一次配電工程.csv,BDFE9EE804F309B9925ABCAEB7B5CE383996509075F4D0266F40A9B22C6FB261,35
SGD-D93A4F7F6DD2F9,SRC-ALL-PROJECTS,1120305,榮陳,112年度工作\112年度工作\1120305榮陳-鳥嘴潭管九追加PN2盤(臺中鐵路高架化騰空廊道下)\鳥嘴潭管九追加PN2盤材料清單.xls,鳥嘴潭管九追加PN2盤材料清單.xls,SRC-ALL-PROJECTS-FILE-2EA1C2D26428,SRC-ALL-PROJECTS-FILE-2EA1C2D26428-XLS-SHEET-001,059054C63C52D2FEAF6BABB68DEFD1001D42181BA4FAB322F08B4A18135C0324,42496,xls,新設1500蝶閥,visible,6B092E4453B64D5DD768DC10859FFB73614017D6427B318DE839EE1FB7053BD2,1,1120305,榮陳,allowed_material_list_workbook,excel_com_legacy_xls,16.0,PARSED_WITH_FINGERPRINT,NONE,NONE,NONE,CURRENT_OR_UNKNOWN,,CANDIDATE,UNREVIEWED,CURRENT_PROJECT_ID_MATCH_REVIEWABLE|LEGACY_XLS_PARSED_BY_EXCEL_COM_READ_ONLY|MACROS_DISABLED,SRC-ALL-PROJECTS-FILE-2EA1C2D26428|SRC-ALL-PROJECTS-FILE-2EA1C2D26428-XLS-SHEET-001,source_guard_policy_v2_autonomous_eval,,,,,manifests\baseline-024\source_candidates\batch-003\legacy_xls\1120305\legacy_xls_parse\1120305\SRC-ALL-PROJECTS-FILE-2EA1C2D26428\001_新設1500蝶閥.csv,EE1C23F3D5CC5836216B43B0A5DF1907012E801E1CC94FD30296995BA30A461D,53
SGD-C476B1356C35A0,SRC-ALL-PROJECTS,1120305,榮陳,112年度工作\112年度工作\1120305榮陳-鳥嘴潭管九追加PN2盤(臺中鐵路高架化騰空廊道下)\榮陳鳥嘴潭下游管九追加PN2盤生產能力分表.xls,榮陳鳥嘴潭下游管九追加PN2盤生產能力分表.xls,SRC-ALL-PROJECTS-FILE-5202CD559517,SRC-ALL-PROJECTS-FILE-5202CD559517-XLS-SHEET-001,0420D3E51EA0CF76E2A053280D9C433F9B40DEF41B0E61826320E66A8C462901,92160,xls,分析表,visible,02489BFBE60E3892AA26AC2C8E11583741B856D125DC89346855FE12624FC33E,3,1120305,榮陳,spreadsheet_other,excel_com_legacy_xls,16.0,PARSED_WITH_FINGERPRINT,NONE,NONE,NAMED_RANGE_REVIEW_REQUIRED,CURRENT_OR_UNKNOWN,,QUARANTINED,UNREVIEWED,CURRENT_PROJECT_ID_MATCH_REVIEWABLE|LEGACY_XLS_PARSED_BY_EXCEL_COM_READ_ONLY|MACROS_DISABLED|NAMED_RANGE_PRESENT,SRC-ALL-PROJECTS-FILE-5202CD559517|SRC-ALL-PROJECTS-FILE-5202CD559517-XLS-SHEET-001,source_guard_policy_v2_autonomous_eval,,,,,manifests\baseline-024\source_candidates\batch-003\legacy_xls\1120305\legacy_xls_parse\1120305\SRC-ALL-PROJECTS-FILE-5202CD559517\001_分析表.csv,B6563228EB542CF479CA0D75BC059C4961B3C44DAD387BCD53523C1FE7E5B504,13
SGD-4C70CA936D8D28,SRC-ALL-PROJECTS,1120305,榮陳,112年度工作\112年度工作\1120305榮陳-鳥嘴潭管九追加PN2盤(臺中鐵路高架化騰空廊道下)\榮陳鳥嘴潭下游管九追加PN2盤生產能力分表.xls,榮陳鳥嘴潭下游管九追加PN2盤生產能力分表.xls,SRC-ALL-PROJECTS-FILE-5202CD559517,SRC-ALL-PROJECTS-FILE-5202CD559517-XLS-SHEET-002,0420D3E51EA0CF76E2A053280D9C433F9B40DEF41B0E61826320E66A8C462901,92160,xls,會議審查,visible,D71887E3DEC9BCA4F985796C64CA935621FBCBF7949AE3757C7E8B7F3A242E08,3,1120305,榮陳,spreadsheet_other,excel_com_legacy_xls,16.0,PARSED_WITH_FINGERPRINT,NONE,NONE,NAMED_RANGE_REVIEW_REQUIRED,CURRENT_OR_UNKNOWN,,QUARANTINED,UNREVIEWED,CURRENT_PROJECT_ID_MATCH_REVIEWABLE|LEGACY_XLS_PARSED_BY_EXCEL_COM_READ_ONLY|MACROS_DISABLED|NAMED_RANGE_PRESENT,SRC-ALL-PROJECTS-FILE-5202CD559517|SRC-ALL-PROJECTS-FILE-5202CD559517-XLS-SHEET-002,source_guard_policy_v2_autonomous_eval,,,,,manifests\baseline-024\source_candidates\batch-003\legacy_xls\1120305\legacy_xls_parse\1120305\SRC-ALL-PROJECTS-FILE-5202CD559517\002_會議審查.csv,986E47459BA7EF38F46F08D07CD9E0269274B83420D724482F2B0C672E84FCAE,36
SGD-E574AB6813A6B2,SRC-ALL-PROJECTS,1120305,榮陳,112年度工作\112年度工作\1120305榮陳-鳥嘴潭管九追加PN2盤(臺中鐵路高架化騰空廊道下)\榮陳鳥嘴潭下游管九追加PN2盤生產能力分表.xls,榮陳鳥嘴潭下游管九追加PN2盤生產能力分表.xls,SRC-ALL-PROJECTS-FILE-5202CD559517,SRC-ALL-PROJECTS-FILE-5202CD559517-XLS-SHEET-003,0420D3E51EA0CF76E2A053280D9C433F9B40DEF41B0E61826320E66A8C462901,92160,xls,Sheet3,visible,2431A7B5E34F6CDDF636CB6420EDAF96BB8F1E51757547FA6AD1B769DF2C82B2,3,1120305,榮陳,spreadsheet_other,excel_com_legacy_xls,16.0,PARSED_WITH_FINGERPRINT,NONE,NONE,NAMED_RANGE_REVIEW_REQUIRED,CURRENT_OR_UNKNOWN,,QUARANTINED,UNREVIEWED,CURRENT_PROJECT_ID_MATCH_REVIEWABLE|LEGACY_XLS_PARSED_BY_EXCEL_COM_READ_ONLY|MACROS_DISABLED|NAMED_RANGE_PRESENT,SRC-ALL-PROJECTS-FILE-5202CD559517|SRC-ALL-PROJECTS-FILE-5202CD559517-XLS-SHEET-003,source_guard_policy_v2_autonomous_eval,,,,,manifests\baseline-024\source_candidates\batch-003\legacy_xls\1120305\legacy_xls_parse\1120305\SRC-ALL-PROJECTS-FILE-5202CD559517\003_Sheet3.csv,F01A374E9C81E3DB89B3A42940C4D6A5447684986A1296E42BF13F196EED6295,0
SGD-517230DF119629,SRC-ALL-PROJECTS,1120305,榮陳,112年度工作\112年度工作\1120305榮陳-鳥嘴潭管九追加PN2盤(臺中鐵路高架化騰空廊道下)\榮陳鳥嘴潭下游管九追加PN2盤訂單成本分析.xls,榮陳鳥嘴潭下游管九追加PN2盤訂單成本分析.xls,SRC-ALL-PROJECTS-FILE-74F42E453FE8,SRC-ALL-PROJECTS-FILE-74F42E453FE8-XLS-SHEET-001,C532FFB07C0EE120757EBC6FDA9CE08DCE5745BB8E5D142A61C74F2C814286B9,61440,xls,Sheet2,visible,7E4AC866D15583F077FBCFFBA271E7A06E34505A1A2D08CD32D670A57D798C7D,3,1120305,榮陳,spreadsheet_other,excel_com_legacy_xls,16.0,PARSED_WITH_FINGERPRINT,NONE,NONE,NONE,CURRENT_OR_UNKNOWN,,CANDIDATE,UNREVIEWED,CURRENT_PROJECT_ID_MATCH_REVIEWABLE|LEGACY_XLS_PARSED_BY_EXCEL_COM_READ_ONLY|MACROS_DISABLED,SRC-ALL-PROJECTS-FILE-74F42E453FE8|SRC-ALL-PROJECTS-FILE-74F42E453FE8-XLS-SHEET-001,source_guard_policy_v2_autonomous_eval,,,,,manifests\baseline-024\source_candidates\batch-003\legacy_xls\1120305\legacy_xls_parse\1120305\SRC-ALL-PROJECTS-FILE-74F42E453FE8\001_Sheet2.csv,DF3E8CDCD17CC982446F78F2F05FF88A0FE6E9141FC99A566314EDD92046CA0C,22
SGD-A213F9C69B7BB3,SRC-ALL-PROJECTS,1120305,榮陳,112年度工作\112年度工作\1120305榮陳-鳥嘴潭管九追加PN2盤(臺中鐵路高架化騰空廊道下)\榮陳鳥嘴潭下游管九追加PN2盤訂單成本分析.xls,榮陳鳥嘴潭下游管九追加PN2盤訂單成本分析.xls,SRC-ALL-PROJECTS-FILE-74F42E453FE8,SRC-ALL-PROJECTS-FILE-74F42E453FE8-XLS-SHEET-002,C532FFB07C0EE120757EBC6FDA9CE08DCE5745BB8E5D142A61C74F2C814286B9,61440,xls,Sheet3,visible,92F08BD1419E91EF7839DC739DC4A1009C3BEDC83095CCC7B6EB5E93973D4128,3,1120305,榮陳,spreadsheet_other,excel_com_legacy_xls,16.0,PARSED_WITH_FINGERPRINT,NONE,NONE,NONE,CURRENT_OR_UNKNOWN,,CANDIDATE,UNREVIEWED,CURRENT_PROJECT_ID_MATCH_REVIEWABLE|LEGACY_XLS_PARSED_BY_EXCEL_COM_READ_ONLY|MACROS_DISABLED,SRC-ALL-PROJECTS-FILE-74F42E453FE8|SRC-ALL-PROJECTS-FILE-74F42E453FE8-XLS-SHEET-002,source_guard_policy_v2_autonomous_eval,,,,,manifests\baseline-024\source_candidates\batch-003\legacy_xls\1120305\legacy_xls_parse\1120305\SRC-ALL-PROJECTS-FILE-74F42E453FE8\002_Sheet3.csv,1FFB0518AA55C30B6A5FA2AECABD673CF7EA26344BBBC4EDBA277CAA9FEADD5D,29
SGD-22905D1DCAD353,SRC-ALL-PROJECTS,1120305,榮陳,112年度工作\112年度工作\1120305榮陳-鳥嘴潭管九追加PN2盤(臺中鐵路高架化騰空廊道下)\榮陳鳥嘴潭下游管九追加PN2盤訂單成本分析.xls,榮陳鳥嘴潭下游管九追加PN2盤訂單成本分析.xls,SRC-ALL-PROJECTS-FILE-74F42E453FE8,SRC-ALL-PROJECTS-FILE-74F42E453FE8-XLS-SHEET-003,C532FFB07C0EE120757EBC6FDA9CE08DCE5745BB8E5D142A61C74F2C814286B9,61440,xls,Sheet1,visible,35F652C61C2FD7B7409EE7959EEFD9F640110595A3492F32D668EDFE7D96B920,3,1120305,榮陳,spreadsheet_other,excel_com_legacy_xls,16.0,PARSED_WITH_FINGERPRINT,NONE,NONE,NONE,CURRENT_OR_UNKNOWN,,CANDIDATE,UNREVIEWED,CURRENT_PROJECT_ID_MATCH_REVIEWABLE|LEGACY_XLS_PARSED_BY_EXCEL_COM_READ_ONLY|MACROS_DISABLED,SRC-ALL-PROJECTS-FILE-74F42E453FE8|SRC-ALL-PROJECTS-FILE-74F42E453FE8-XLS-SHEET-003,source_guard_policy_v2_autonomous_eval,,,,,manifests\baseline-024\source_candidates\batch-003\legacy_xls\1120305\legacy_xls_parse\1120305\SRC-ALL-PROJECTS-FILE-74F42E453FE8\003_Sheet1.csv,34571D4AC805AE27B2B0EBE515CE93823FA6DA343037A63AE87A996198862A21,23
SGD-BCB03D0D8B1D22,SRC-ALL-PROJECTS,1120305,榮陳,112年度工作\112年度工作\1120305榮陳-鳥嘴潭管九追加PN2盤(臺中鐵路高架化騰空廊道下)\工作記錄單榮陳鳥嘴潭下游管九追加PN2盤.xls,工作記錄單榮陳鳥嘴潭下游管九追加PN2盤.xls,SRC-ALL-PROJECTS-FILE-9159D6390E71,SRC-ALL-PROJECTS-FILE-9159D6390E71-XLS-SHEET-001,3DA59416E7DD7277D3DE94A7A6A076D4C484E7202239D7C9E54BDB2F0DA54097,160768,xls,0413,visible,44B250AE62DD3B0BC927C3C0EBF31D46567F1342287E2EFDFBA771BAAA7F9D65,6,1120305,榮陳,spreadsheet_other,excel_com_legacy_xls,16.0,PARSED_WITH_FINGERPRINT,NONE,NONE,NAMED_RANGE_REVIEW_REQUIRED,CURRENT_OR_UNKNOWN,,QUARANTINED,UNREVIEWED,CURRENT_PROJECT_ID_MATCH_REVIEWABLE|LEGACY_XLS_PARSED_BY_EXCEL_COM_READ_ONLY|MACROS_DISABLED|NAMED_RANGE_PRESENT,SRC-ALL-PROJECTS-FILE-9159D6390E71|SRC-ALL-PROJECTS-FILE-9159D6390E71-XLS-SHEET-001,source_guard_policy_v2_autonomous_eval,,,,,manifests\baseline-024\source_candidates\batch-003\legacy_xls\1120305\legacy_xls_parse\1120305\SRC-ALL-PROJECTS-FILE-9159D6390E71\001_0413.csv,AD0F33A7A0D4F68F87DCB8B78EF61DB3BC12674CC10FF4BB5F19DDA6868DAEA0,35
SGD-818B9834F387F1,SRC-ALL-PROJECTS,1120305,榮陳,112年度工作\112年度工作\1120305榮陳-鳥嘴潭管九追加PN2盤(臺中鐵路高架化騰空廊道下)\工作記錄單榮陳鳥嘴潭下游管九追加PN2盤.xls,工作記錄單榮陳鳥嘴潭下游管九追加PN2盤.xls,SRC-ALL-PROJECTS-FILE-9159D6390E71,SRC-ALL-PROJECTS-FILE-9159D6390E71-XLS-SHEET-002,3DA59416E7DD7277D3DE94A7A6A076D4C484E7202239D7C9E54BDB2F0DA54097,160768,xls,0415,visible,80F99AC9C6518B1C241192861715CA6A227CACBF8E8B08CB512EBB3C660380EC,6,1120305,榮陳,spreadsheet_other,excel_com_legacy_xls,16.0,PARSED_WITH_FINGERPRINT,NONE,NONE,NAMED_RANGE_REVIEW_REQUIRED,CURRENT_OR_UNKNOWN,,QUARANTINED,UNREVIEWED,CURRENT_PROJECT_ID_MATCH_REVIEWABLE|LEGACY_XLS_PARSED_BY_EXCEL_COM_READ_ONLY|MACROS_DISABLED|NAMED_RANGE_PRESENT,SRC-ALL-PROJECTS-FILE-9159D6390E71|SRC-ALL-PROJECTS-FILE-9159D6390E71-XLS-SHEET-002,source_guard_policy_v2_autonomous_eval,,,,,manifests\baseline-024\source_candidates\batch-003\legacy_xls\1120305\legacy_xls_parse\1120305\SRC-ALL-PROJECTS-FILE-9159D6390E71\002_0415.csv,85443C0FDC9678CCFB657AECCCB90A88F859E5FA16AB8B2EA7210B1053FE7B9A,35
SGD-05202CE7E755E1,SRC-ALL-PROJECTS,1120305,榮陳,112年度工作\112年度工作\1120305榮陳-鳥嘴潭管九追加PN2盤(臺中鐵路高架化騰空廊道下)\工作記錄單榮陳鳥嘴潭下游管九追加PN2盤.xls,工作記錄單榮陳鳥嘴潭下游管九追加PN2盤.xls,SRC-ALL-PROJECTS-FILE-9159D6390E71,SRC-ALL-PROJECTS-FILE-9159D6390E71-XLS-SHEET-003,3DA59416E7DD7277D3DE94A7A6A076D4C484E7202239D7C9E54BDB2F0DA54097,160768,xls,空白,visible,B5AD89DF08DECDCE5F994AD3DA7C3BBEA1E45E17C3F9FE8E167667935B3A6262,6,1120305,榮陳,spreadsheet_other,excel_com_legacy_xls,16.0,PARSED_WITH_FINGERPRINT,NONE,NONE,NAMED_RANGE_REVIEW_REQUIRED,CURRENT_OR_UNKNOWN,,QUARANTINED,UNREVIEWED,CURRENT_PROJECT_ID_MATCH_REVIEWABLE|LEGACY_XLS_PARSED_BY_EXCEL_COM_READ_ONLY|MACROS_DISABLED|NAMED_RANGE_PRESENT,SRC-ALL-PROJECTS-FILE-9159D6390E71|SRC-ALL-PROJECTS-FILE-9159D6390E71-XLS-SHEET-003,source_guard_policy_v2_autonomous_eval,,,,,manifests\baseline-024\source_candidates\batch-003\legacy_xls\1120305\legacy_xls_parse\1120305\SRC-ALL-PROJECTS-FILE-9159D6390E71\003_空白.csv,1D9CD85BBEF8C721BBFD1971DE053612BFD9145A72AF191B7F8FFF5830E74A9D,35
SGD-AE8B0DF32D4102,SRC-ALL-PROJECTS,1120305,榮陳,112年度工作\112年度工作\1120305榮陳-鳥嘴潭管九追加PN2盤(臺中鐵路高架化騰空廊道下)\工作記錄單榮陳鳥嘴潭下游管九追加PN2盤.xls,工作記錄單榮陳鳥嘴潭下游管九追加PN2盤.xls,SRC-ALL-PROJECTS-FILE-9159D6390E71,SRC-ALL-PROJECTS-FILE-9159D6390E71-XLS-SHEET-004,3DA59416E7DD7277D3DE94A7A6A076D4C484E7202239D7C9E54BDB2F0DA54097,160768,xls,05,visible,C486E895C071C0C972EC1931CBA0899016DCFC94173F74D32DAB9D6E9DFCD142,6,1120305,榮陳,spreadsheet_other,excel_com_legacy_xls,16.0,PARSED_WITH_FINGERPRINT,NONE,NONE,NAMED_RANGE_REVIEW_REQUIRED,CURRENT_OR_UNKNOWN,,QUARANTINED,UNREVIEWED,CURRENT_PROJECT_ID_MATCH_REVIEWABLE|LEGACY_XLS_PARSED_BY_EXCEL_COM_READ_ONLY|MACROS_DISABLED|NAMED_RANGE_PRESENT,SRC-ALL-PROJECTS-FILE-9159D6390E71|SRC-ALL-PROJECTS-FILE-9159D6390E71-XLS-SHEET-004,source_guard_policy_v2_autonomous_eval,,,,,manifests\baseline-024\source_candidates\batch-003\legacy_xls\1120305\legacy_xls_parse\1120305\SRC-ALL-PROJECTS-FILE-9159D6390E71\004_05.csv,768EF9E29A9A541E53DBA9A61496CBC5EA46A9498F86F833F1E0BEB02A18C41C,35
SGD-086E4A4FD3E3B3,SRC-ALL-PROJECTS,1120305,榮陳,112年度工作\112年度工作\1120305榮陳-鳥嘴潭管九追加PN2盤(臺中鐵路高架化騰空廊道下)\工作記錄單榮陳鳥嘴潭下游管九追加PN2盤.xls,工作記錄單榮陳鳥嘴潭下游管九追加PN2盤.xls,SRC-ALL-PROJECTS-FILE-9159D6390E71,SRC-ALL-PROJECTS-FILE-9159D6390E71-XLS-SHEET-005,3DA59416E7DD7277D3DE94A7A6A076D4C484E7202239D7C9E54BDB2F0DA54097,160768,xls,05 (2),visible,AB9BB32E176B865C84DBA725CE82266BEFF1495F0C2BAF3232E972E6C74BD8B2,6,1120305,榮陳,spreadsheet_other,excel_com_legacy_xls,16.0,PARSED_WITH_FINGERPRINT,NONE,NONE,NAMED_RANGE_REVIEW_REQUIRED,CURRENT_OR_UNKNOWN,,QUARANTINED,UNREVIEWED,CURRENT_PROJECT_ID_MATCH_REVIEWABLE|LEGACY_XLS_PARSED_BY_EXCEL_COM_READ_ONLY|MACROS_DISABLED|NAMED_RANGE_PRESENT,SRC-ALL-PROJECTS-FILE-9159D6390E71|SRC-ALL-PROJECTS-FILE-9159D6390E71-XLS-SHEET-005,source_guard_policy_v2_autonomous_eval,,,,,manifests\baseline-024\source_candidates\batch-003\legacy_xls\1120305\legacy_xls_parse\1120305\SRC-ALL-PROJECTS-FILE-9159D6390E71\005_05 (2).csv,AD46148889E6540EA6AC05F9BEE96AC0C92B5655F2025D70C3192CBEA5ED1990,35
SGD-CB13279375BE2B,SRC-ALL-PROJECTS,1120305,榮陳,112年度工作\112年度工作\1120305榮陳-鳥嘴潭管九追加PN2盤(臺中鐵路高架化騰空廊道下)\工作記錄單榮陳鳥嘴潭下游管九追加PN2盤.xls,工作記錄單榮陳鳥嘴潭下游管九追加PN2盤.xls,SRC-ALL-PROJECTS-FILE-9159D6390E71,SRC-ALL-PROJECTS-FILE-9159D6390E71-XLS-SHEET-006,3DA59416E7DD7277D3DE94A7A6A076D4C484E7202239D7C9E54BDB2F0DA54097,160768,xls,0505,visible,6621A3ABC7F5CFC52C4C4F31E889DC226ADF8C9A7EB4A1FD5A1F388D8FA6B978,6,1120305,榮陳,spreadsheet_other,excel_com_legacy_xls,16.0,PARSED_WITH_FINGERPRINT,NONE,NONE,NAMED_RANGE_REVIEW_REQUIRED,CURRENT_OR_UNKNOWN,,QUARANTINED,UNREVIEWED,CURRENT_PROJECT_ID_MATCH_REVIEWABLE|LEGACY_XLS_PARSED_BY_EXCEL_COM_READ_ONLY|MACROS_DISABLED|NAMED_RANGE_PRESENT,SRC-ALL-PROJECTS-FILE-9159D6390E71|SRC-ALL-PROJECTS-FILE-9159D6390E71-XLS-SHEET-006,source_guard_policy_v2_autonomous_eval,,,,,manifests\baseline-024\source_candidates\batch-003\legacy_xls\1120305\legacy_xls_parse\1120305\SRC-ALL-PROJECTS-FILE-9159D6390E71\006_0505.csv,2F2F3D6BF610D134B5D347C1DF29B0C5B7C8B439456088AFCADCA19349638D84,29
SGD-8FB656A7E3F0B7,SRC-ALL-PROJECTS,1120305,榮陳,112年度工作\112年度工作\1120305榮陳-鳥嘴潭管九追加PN2盤(臺中鐵路高架化騰空廊道下)\榮陳鳥嘴潭下游管九追加PN2盤會議審查.xls,榮陳鳥嘴潭下游管九追加PN2盤會議審查.xls,SRC-ALL-PROJECTS-FILE-996E26CDD24C,SRC-ALL-PROJECTS-FILE-996E26CDD24C-XLS-SHEET-001,467580CA24F18BD3411F4338578A96FAC25B601178529B716046406C7AF9CC5F,92160,xls,分析表,visible,6C4228887E1154F44D16833E5FB5C3FFE88E490F6374EF7D601C7446474701B0,3,1120305,榮陳,spreadsheet_other,excel_com_legacy_xls,16.0,PARSED_WITH_FINGERPRINT,NONE,NONE,NAMED_RANGE_REVIEW_REQUIRED,CURRENT_OR_UNKNOWN,,QUARANTINED,UNREVIEWED,CURRENT_PROJECT_ID_MATCH_REVIEWABLE|LEGACY_XLS_PARSED_BY_EXCEL_COM_READ_ONLY|MACROS_DISABLED|NAMED_RANGE_PRESENT,SRC-ALL-PROJECTS-FILE-996E26CDD24C|SRC-ALL-PROJECTS-FILE-996E26CDD24C-XLS-SHEET-001,source_guard_policy_v2_autonomous_eval,,,,,manifests\baseline-024\source_candidates\batch-003\legacy_xls\1120305\legacy_xls_parse\1120305\SRC-ALL-PROJECTS-FILE-996E26CDD24C\001_分析表.csv,8509D6A09CDB9BC1487B4B0BF0C66420C520EA4E990AF278D1AB4CE15A0A9E98,13
SGD-ED76CFEDDB11C1,SRC-ALL-PROJECTS,1120305,榮陳,112年度工作\112年度工作\1120305榮陳-鳥嘴潭管九追加PN2盤(臺中鐵路高架化騰空廊道下)\榮陳鳥嘴潭下游管九追加PN2盤會議審查.xls,榮陳鳥嘴潭下游管九追加PN2盤會議審查.xls,SRC-ALL-PROJECTS-FILE-996E26CDD24C,SRC-ALL-PROJECTS-FILE-996E26CDD24C-XLS-SHEET-002,467580CA24F18BD3411F4338578A96FAC25B601178529B716046406C7AF9CC5F,92160,xls,會議審查,visible,D248623800001784D4C72BE25A42410F76E466F78F43889021AE600362933121,3,1120305,榮陳,spreadsheet_other,excel_com_legacy_xls,16.0,PARSED_WITH_FINGERPRINT,NONE,NONE,NAMED_RANGE_REVIEW_REQUIRED,CURRENT_OR_UNKNOWN,,QUARANTINED,UNREVIEWED,CURRENT_PROJECT_ID_MATCH_REVIEWABLE|LEGACY_XLS_PARSED_BY_EXCEL_COM_READ_ONLY|MACROS_DISABLED|NAMED_RANGE_PRESENT,SRC-ALL-PROJECTS-FILE-996E26CDD24C|SRC-ALL-PROJECTS-FILE-996E26CDD24C-XLS-SHEET-002,source_guard_policy_v2_autonomous_eval,,,,,manifests\baseline-024\source_candidates\batch-003\legacy_xls\1120305\legacy_xls_parse\1120305\SRC-ALL-PROJECTS-FILE-996E26CDD24C\002_會議審查.csv,8BD371BEF699BC56E8F197E09296F0397ADB76072A41E700642B9E87A925F3E0,36
SGD-2C22F76A856BBF,SRC-ALL-PROJECTS,1120305,榮陳,112年度工作\112年度工作\1120305榮陳-鳥嘴潭管九追加PN2盤(臺中鐵路高架化騰空廊道下)\榮陳鳥嘴潭下游管九追加PN2盤會議審查.xls,榮陳鳥嘴潭下游管九追加PN2盤會議審查.xls,SRC-ALL-PROJECTS-FILE-996E26CDD24C,SRC-ALL-PROJECTS-FILE-996E26CDD24C-XLS-SHEET-003,467580CA24F18BD3411F4338578A96FAC25B601178529B716046406C7AF9CC5F,92160,xls,Sheet3,visible,2431A7B5E34F6CDDF636CB6420EDAF96BB8F1E51757547FA6AD1B769DF2C82B2,3,1120305,榮陳,spreadsheet_other,excel_com_legacy_xls,16.0,PARSED_WITH_FINGERPRINT,NONE,NONE,NAMED_RANGE_REVIEW_REQUIRED,CURRENT_OR_UNKNOWN,,QUARANTINED,UNREVIEWED,CURRENT_PROJECT_ID_MATCH_REVIEWABLE|LEGACY_XLS_PARSED_BY_EXCEL_COM_READ_ONLY|MACROS_DISABLED|NAMED_RANGE_PRESENT,SRC-ALL-PROJECTS-FILE-996E26CDD24C|SRC-ALL-PROJECTS-FILE-996E26CDD24C-XLS-SHEET-003,source_guard_policy_v2_autonomous_eval,,,,,manifests\baseline-024\source_candidates\batch-003\legacy_xls\1120305\legacy_xls_parse\1120305\SRC-ALL-PROJECTS-FILE-996E26CDD24C\003_Sheet3.csv,F01A374E9C81E3DB89B3A42940C4D6A5447684986A1296E42BF13F196EED6295,0
SGD-44418D7DCCFE76,SRC-ALL-PROJECTS,1120305,榮陳,112年度工作\112年度工作\1120305榮陳-鳥嘴潭管九追加PN2盤(臺中鐵路高架化騰空廊道下)\鳥嘴潭管九追加PN2盤合約.xls,鳥嘴潭管九追加PN2盤合約.xls,SRC-ALL-PROJECTS-FILE-DA76805559E7,SRC-ALL-PROJECTS-FILE-DA76805559E7-XLS-SHEET-001,A54B42B6E5F365D950AA0576B70F1F25ED67109D63409AFBEE587B54BEDBA725,40960,xls,新設1500蝶閥,visible,B188670011B7B2692534628916B606DCCD68938ABB7AA39BD906FB4554E7C737,1,1120305,榮陳,allowed_contract_workbook,excel_com_legacy_xls,16.0,PARSED_WITH_FINGERPRINT,NONE,NONE,NONE,CURRENT_OR_UNKNOWN,,CANDIDATE,UNREVIEWED,CURRENT_PROJECT_ID_MATCH_REVIEWABLE|LEGACY_XLS_PARSED_BY_EXCEL_COM_READ_ONLY|MACROS_DISABLED,SRC-ALL-PROJECTS-FILE-DA76805559E7|SRC-ALL-PROJECTS-FILE-DA76805559E7-XLS-SHEET-001,source_guard_policy_v2_autonomous_eval,,,,,manifests\baseline-024\source_candidates\batch-003\legacy_xls\1120305\legacy_xls_parse\1120305\SRC-ALL-PROJECTS-FILE-DA76805559E7\001_新設1500蝶閥.csv,82A13ABF942CB85EDA68B52B5C52B9B5C8049E07E355701F5955C6CDC4F68F37,53
SGD-A0A39ADA704F4A,SRC-ALL-PROJECTS,1120305,榮陳,112年度工作\112年度工作\1120305榮陳-鳥嘴潭管九追加PN2盤(臺中鐵路高架化騰空廊道下)\榮陳鳥嘴潭下游管九追家PN2盤訂單成本分析分項.xls,榮陳鳥嘴潭下游管九追家PN2盤訂單成本分析分項.xls,SRC-ALL-PROJECTS-FILE-EAB826EF5CCF,SRC-ALL-PROJECTS-FILE-EAB826EF5CCF-XLS-SHEET-001,A13905DEC22D3D564FB17B6A89D178730C68FA24EA7BA7481C8F58B471A7AF8C,61952,xls,Sheet2,visible,1B1BE9FCA56F599EB5DE9E67FA521B6886F468EB3F73470755752A6EE05072C8,3,1120305,榮陳,spreadsheet_other,excel_com_legacy_xls,16.0,PARSED_WITH_FINGERPRINT,NONE,NONE,NONE,CURRENT_OR_UNKNOWN,,CANDIDATE,UNREVIEWED,CURRENT_PROJECT_ID_MATCH_REVIEWABLE|LEGACY_XLS_PARSED_BY_EXCEL_COM_READ_ONLY|MACROS_DISABLED,SRC-ALL-PROJECTS-FILE-EAB826EF5CCF|SRC-ALL-PROJECTS-FILE-EAB826EF5CCF-XLS-SHEET-001,source_guard_policy_v2_autonomous_eval,,,,,manifests\baseline-024\source_candidates\batch-003\legacy_xls\1120305\legacy_xls_parse\1120305\SRC-ALL-PROJECTS-FILE-EAB826EF5CCF\001_Sheet2.csv,2EB11CEFE09EDB00BCDE1FC56532EE34E472E18D183CA3D3B2CBA57FF45E1788,23
SGD-CAC3AB6F4E8AA8,SRC-ALL-PROJECTS,1120305,榮陳,112年度工作\112年度工作\1120305榮陳-鳥嘴潭管九追加PN2盤(臺中鐵路高架化騰空廊道下)\榮陳鳥嘴潭下游管九追家PN2盤訂單成本分析分項.xls,榮陳鳥嘴潭下游管九追家PN2盤訂單成本分析分項.xls,SRC-ALL-PROJECTS-FILE-EAB826EF5CCF,SRC-ALL-PROJECTS-FILE-EAB826EF5CCF-XLS-SHEET-002,A13905DEC22D3D564FB17B6A89D178730C68FA24EA7BA7481C8F58B471A7AF8C,61952,xls,Sheet3,visible,BEFEA3E3836D39C53C3DDA7D44A3D2251F3AFCBD872EAA520F10C2E666A430B2,3,1120305,榮陳,spreadsheet_other,excel_com_legacy_xls,16.0,PARSED_WITH_FINGERPRINT,NONE,NONE,NONE,CURRENT_OR_UNKNOWN,,CANDIDATE,UNREVIEWED,CURRENT_PROJECT_ID_MATCH_REVIEWABLE|LEGACY_XLS_PARSED_BY_EXCEL_COM_READ_ONLY|MACROS_DISABLED,SRC-ALL-PROJECTS-FILE-EAB826EF5CCF|SRC-ALL-PROJECTS-FILE-EAB826EF5CCF-XLS-SHEET-002,source_guard_policy_v2_autonomous_eval,,,,,manifests\baseline-024\source_candidates\batch-003\legacy_xls\1120305\legacy_xls_parse\1120305\SRC-ALL-PROJECTS-FILE-EAB826EF5CCF\002_Sheet3.csv,476D9F49B6BA6D2C6BFF5ECC8C360F813AA193217F6F6ADB6DC76E8709F97D86,29
SGD-1306F542398907,SRC-ALL-PROJECTS,1120305,榮陳,112年度工作\112年度工作\1120305榮陳-鳥嘴潭管九追加PN2盤(臺中鐵路高架化騰空廊道下)\榮陳鳥嘴潭下游管九追家PN2盤訂單成本分析分項.xls,榮陳鳥嘴潭下游管九追家PN2盤訂單成本分析分項.xls,SRC-ALL-PROJECTS-FILE-EAB826EF5CCF,SRC-ALL-PROJECTS-FILE-EAB826EF5CCF-XLS-SHEET-003,A13905DEC22D3D564FB17B6A89D178730C68FA24EA7BA7481C8F58B471A7AF8C,61952,xls,Sheet1,visible,35F652C61C2FD7B7409EE7959EEFD9F640110595A3492F32D668EDFE7D96B920,3,1120305,榮陳,spreadsheet_other,excel_com_legacy_xls,16.0,PARSED_WITH_FINGERPRINT,NONE,NONE,NONE,CURRENT_OR_UNKNOWN,,CANDIDATE,UNREVIEWED,CURRENT_PROJECT_ID_MATCH_REVIEWABLE|LEGACY_XLS_PARSED_BY_EXCEL_COM_READ_ONLY|MACROS_DISABLED,SRC-ALL-PROJECTS-FILE-EAB826EF5CCF|SRC-ALL-PROJECTS-FILE-EAB826EF5CCF-XLS-SHEET-003,source_guard_policy_v2_autonomous_eval,,,,,manifests\baseline-024\source_candidates\batch-003\legacy_xls\1120305\legacy_xls_parse\1120305\SRC-ALL-PROJECTS-FILE-EAB826EF5CCF\003_Sheet1.csv,34571D4AC805AE27B2B0EBE515CE93823FA6DA343037A63AE87A996198862A21,23
SGD-3C05D07F7E3ACA,SRC-ALL-PROJECTS,1120102,核陽工程,112年度工作\112年度工作\112年度工作(已完成)\1120102核陽工程-紅外線控制板\紅外線控制板-順大.xlsx,紅外線控制板-順大.xlsx,SRC-ALL-PROJECTS-FILE-615DF5796758,SRC-ALL-PROJECTS-FILE-615DF5796758-SHEET-001,BCDA6666F5AC3544268E6ABF13F2CDB88D2455356C0526212A2596D348FCF183,14230,xlsx,報價單 ,visible,,,1110819|1120102,核陽工程,spreadsheet_other,openpyxl,3.1.5,NOT_PARSED,NONE,NONE,NONE,CURRENT_OR_UNKNOWN,,AUTO_DENIED,UNREVIEWED,CROSS_PROJECT_IDENTITY|FORBIDDEN_LABEL_OR_ROLE|STALE_TEMPLATE_SHEET,SRC-ALL-PROJECTS-FILE-615DF5796758|SRC-ALL-PROJECTS-FILE-615DF5796758-SHEET-001,source_guard_policy_v1,,,,,,,
SGD-D5F9CE32F732A0,SRC-ALL-PROJECTS,1120102,核陽工程,112年度工作\112年度工作\112年度工作(已完成)\1120102核陽工程-紅外線控制板\核陽-紅外線控制板工作紀錄單.xls,核陽-紅外線控制板工作紀錄單.xls,SRC-ALL-PROJECTS-FILE-805F758C8378,SRC-ALL-PROJECTS-FILE-805F758C8378-XLS-SHEET-001,15CB77CC74EE19928CD20A2850B8CFB671D5DC3D7D0D8F59F4CD208785DD5DF8,50688,xls,至得金屬追加,visible,9F7ACDFECC336B5401964C1F7768EDF59B6222018DAE721653DD0E288A47E4F8,1,1120102,核陽工程,spreadsheet_other,excel_com_legacy_xls,16.0,PARSED_WITH_FINGERPRINT,NONE,NONE,NAMED_RANGE_REVIEW_REQUIRED,CURRENT_OR_UNKNOWN,,QUARANTINED,UNREVIEWED,CURRENT_PROJECT_ID_MATCH_REVIEWABLE|LEGACY_XLS_PARSED_BY_EXCEL_COM_READ_ONLY|MACROS_DISABLED|NAMED_RANGE_PRESENT,SRC-ALL-PROJECTS-FILE-805F758C8378|SRC-ALL-PROJECTS-FILE-805F758C8378-XLS-SHEET-001,source_guard_policy_v2_autonomous_eval,,,,,manifests\baseline-024\source_candidates\batch-003\legacy_xls\1120102\legacy_xls_parse\1120102\SRC-ALL-PROJECTS-FILE-805F758C8378\001_至得金屬追加.csv,2AA7E37E7EA876749E194418A68CAACDC72575BEABDE81EDA23793E8BBF36269,35
